model,feature_group,target_transform,candidate_id,params_json,mean_cv_mape_pct,std_cv_mape_pct,mean_cv_mae_cycles,mean_cv_rmse_cycles,pooled_oof_mape_pct,warning_count
ElasticNet,D1,ln,candidate-248,"{""alpha"": 0.01, ""l1_ratio"": 0.5}",6.229801342099653,1.8908962969121192,54.65191293818092,70.63074978979685,6.176715577209163,0
ElasticNet,D1,ln,candidate-249,"{""alpha"": 0.01, ""l1_ratio"": 0.8}",6.314622064620491,1.8393262026172077,55.11987792516377,69.77818733420756,6.274607896660616,0
ElasticNet,D1,ln,candidate-247,"{""alpha"": 0.01, ""l1_ratio"": 0.2}",6.363767959905399,1.6003989972626913,55.78213097100487,72.22621692287795,6.3257582676596495,0
ElasticNet,A,ln,candidate-162,"{""alpha"": 0.01, ""l1_ratio"": 0.8}",6.485122505253189,1.6919062096467206,56.07196722817038,70.00085702684596,6.462654503089498,0
ElasticNet,D2,ln,candidate-278,"{""alpha"": 0.01, ""l1_ratio"": 0.8}",6.485122505253189,1.6919062096467206,56.07196722817038,70.00085702684596,6.462654503089498,0
ElasticNet,D1,ln,candidate-246,"{""alpha"": 0.001, ""l1_ratio"": 0.8}",6.492396690500781,1.3808030040095964,56.75172344240656,73.49556358869161,6.479469847590664,0
Ridge,D1,identity,candidate-090,"{""alpha"": 0.1}",6.492788444149201,1.7238246759283489,54.63791288201323,66.08296086445027,6.4597410415065655,0
Ridge,D1,identity,candidate-089,"{""alpha"": 0.01}",6.494936516515763,1.663553822948457,54.593477916771384,66.15616279533234,6.465931659210387,0
ElasticNet,D1,identity,candidate-096,"{""alpha"": 0.1, ""l1_ratio"": 0.8}",6.5065081756287855,1.9902137294598088,54.98537389621907,65.89630371800203,6.457210079422082,0
ElasticNet,D1,ln,candidate-245,"{""alpha"": 0.001, ""l1_ratio"": 0.5}",6.52525002777444,1.3461579302357054,56.97407273023907,73.73690235122743,6.516284473257235,0
Ridge,D1,identity,candidate-091,"{""alpha"": 1}",6.543241757155623,2.1834915884165986,55.419440380740994,66.15511547893057,6.485889157819233,0
ElasticNet,D1,ln,candidate-244,"{""alpha"": 0.001, ""l1_ratio"": 0.2}",6.558218596518158,1.3135341286258204,57.19704802063111,73.98373680520129,6.553219519784921,0
ElasticNet,D1,identity,candidate-095,"{""alpha"": 0.1, ""l1_ratio"": 0.5}",6.5678765545601525,2.346222975398385,55.73829547439664,66.53825931401448,6.502031661137224,0
ElasticNet,D1,ln,candidate-243,"{""alpha"": 0.0001, ""l1_ratio"": 0.8}",6.5729579918890595,1.2972074143062,57.303806156646296,74.13241411955694,6.570783047038205,0
Ridge,D1,ln,candidate-237,"{""alpha"": 0.1}",6.57552557034937,1.3047749777077489,57.29219646023032,74.01468264253776,6.569738092245135,0
ElasticNet,D1,ln,candidate-242,"{""alpha"": 0.0001, ""l1_ratio"": 0.5}",6.57625937726749,1.2941966639684659,57.32609733517624,74.1576385202193,6.574484774229237,0
ElasticNet,D1,ln,candidate-241,"{""alpha"": 0.0001, ""l1_ratio"": 0.2}",6.5795932598642874,1.2911801969673133,57.34865253536053,74.1833045038212,6.578223660525954,0
Ridge,D1,ln,candidate-236,"{""alpha"": 0.01}",6.581524870277079,1.2902411903628461,57.35955398539378,74.18713125436554,6.58004516750644,0
Ridge,D1,ln,candidate-238,"{""alpha"": 1}",6.60295894175471,1.598406106308332,57.34481124709829,72.79839140577884,6.5640827336748515,0
ElasticNet,D2,ln,candidate-277,"{""alpha"": 0.01, ""l1_ratio"": 0.5}",6.686413541773756,1.3096660513911718,57.12387427603287,71.45200277135497,6.688533668443508,0
ElasticNet,C,ln,candidate-220,"{""alpha"": 0.01, ""l1_ratio"": 0.8}",6.6991699840497745,1.1137016832999116,56.59621203652021,70.41502144125138,6.66800916123618,0
ElasticNet,A,ln,candidate-161,"{""alpha"": 0.01, ""l1_ratio"": 0.5}",6.7554914433034465,1.2383771209782688,57.54965524980789,72.5281935258295,6.767479841620297,0
ElasticNet,D1,identity,candidate-094,"{""alpha"": 0.1, ""l1_ratio"": 0.2}",6.763327676704881,2.414937379452104,57.195511135212314,67.80926127269701,6.702716870349628,0
ElasticNet,D2,ln,candidate-276,"{""alpha"": 0.01, ""l1_ratio"": 0.2}",6.900432880554192,1.0693418718315468,58.35224071165722,73.2504939997012,6.926857130292266,0
ElasticNet,D2,ln,candidate-275,"{""alpha"": 0.001, ""l1_ratio"": 0.8}",6.952412207352898,1.07795126342083,58.769210216403756,74.06062937129926,6.991649799247394,0
ElasticNet,D2,ln,candidate-274,"{""alpha"": 0.001, ""l1_ratio"": 0.5}",6.984048055303591,1.083807746350214,58.9882883583255,74.29607664746483,7.0271600256406135,0
ElasticNet,D2,ln,candidate-273,"{""alpha"": 0.001, ""l1_ratio"": 0.2}",7.016812766279719,1.0930534549577564,59.21702758319039,74.53525245970519,7.0639360241865345,0
ElasticNet,D2,ln,candidate-272,"{""alpha"": 0.0001, ""l1_ratio"": 0.8}",7.026389384765902,1.100547157902776,59.296775572571946,74.63157550677892,7.075397434250225,0
ElasticNet,D2,ln,candidate-271,"{""alpha"": 0.0001, ""l1_ratio"": 0.5}",7.029666091268977,1.1018139222462657,59.31964487816519,74.65594361944467,7.079072484543593,0
ElasticNet,D2,ln,candidate-270,"{""alpha"": 0.0001, ""l1_ratio"": 0.2}",7.033004350388256,1.1031575896590413,59.342527463375895,74.68013441100726,7.082817902409657,0
Ridge,D2,ln,candidate-265,"{""alpha"": 0.01}",7.036504805957432,1.1030923171119242,59.3627346515025,74.69751359492308,7.086484619536206,0
Ridge,D2,ln,candidate-266,"{""alpha"": 0.1}",7.048554150434368,1.0939097750782583,59.39830249429893,74.69941356605645,7.097521793588607,0
Univariate,univariate,ln,candidate-148,{},7.134497042601953,2.4095284122654475,61.49872424678365,78.84033493417698,7.21123635050383,0
ElasticNet,A,ln,candidate-160,"{""alpha"": 0.01, ""l1_ratio"": 0.2}",7.18599893743778,1.1839290242986864,60.53787868048878,76.35957782434471,7.253218244598349,0
Univariate,univariate,identity,candidate-001,{},7.200716344387926,2.8118703457567897,60.17806192861299,71.3124741762978,7.290069661490094,0
Ridge,D2,ln,candidate-267,"{""alpha"": 1}",7.235870479983598,1.0983667250904758,60.4125196185485,75.01368777301779,7.280172510989669,0
ElasticNet,C,ln,candidate-219,"{""alpha"": 0.01, ""l1_ratio"": 0.5}",7.279747099263856,0.776180764139691,60.930985164803815,73.52508180580314,7.277706469770201,0
ElasticNet,D2,ln,candidate-279,"{""alpha"": 0.1, ""l1_ratio"": 0.2}",7.372815752508558,1.8508944191790093,62.193706170022814,73.30050261023094,7.402455350639064,0
ElasticNet,B,ln,candidate-192,"{""alpha"": 0.1, ""l1_ratio"": 0.2}",7.3735571054044895,1.7404398885595698,63.23642181510024,81.68103515715002,7.463600602600408,0
ElasticNet,A,ln,candidate-163,"{""alpha"": 0.1, ""l1_ratio"": 0.2}",7.389295682595616,1.8762276591016775,62.334280334917175,73.46857713301142,7.418935280726122,0
ElasticNet,D1,ln,candidate-250,"{""alpha"": 0.1, ""l1_ratio"": 0.2}",7.408605642621508,1.735881045152493,62.324082160608896,73.64413341080278,7.459289844347612,0
ElasticNet,A,ln,candidate-159,"{""alpha"": 0.001, ""l1_ratio"": 0.8}",7.4668427617415265,1.463064886623882,62.54298571480613,78.1997085679683,7.58424427425865,0
ElasticNet,C,ln,candidate-221,"{""alpha"": 0.1, ""l1_ratio"": 0.2}",7.494001348909426,1.558112335149057,62.680799988701416,73.14724317776322,7.471451659205831,0
ElasticNet,A,ln,candidate-157,"{""alpha"": 0.001, ""l1_ratio"": 0.2}",7.503042157980619,1.593074009623963,62.570641968382006,78.33517070947217,7.646673620515379,0
ElasticNet,A,ln,candidate-158,"{""alpha"": 0.001, ""l1_ratio"": 0.5}",7.506364854665009,1.5240562413144358,62.74925436769945,78.28730174470854,7.637000594485932,0
Ridge,A,ln,candidate-150,"{""alpha"": 0.1}",7.518770974729189,1.616529898417083,62.667066131573144,78.45063360729515,7.66237124398246,0
Ridge,A,ln,candidate-151,"{""alpha"": 1}",7.518966323831509,1.3748301612618261,62.62516821109847,77.88489670083888,7.608349768226322,0
ElasticNet,A,ln,candidate-156,"{""alpha"": 0.0001, ""l1_ratio"": 0.8}",7.523737400490653,1.6433289352413012,62.63375919415955,78.59197573765276,7.675751538115456,0
ElasticNet,A,ln,candidate-155,"{""alpha"": 0.0001, ""l1_ratio"": 0.5}",7.538916185642222,1.6532140650811844,62.73655153660989,78.65924700520061,7.692252648910633,0
ElasticNet,D1,identity,candidate-099,"{""alpha"": 1, ""l1_ratio"": 0.8}",7.5470905883104225,2.2583086274938804,63.41729060690373,74.49202443269814,7.537245712041588,0
Ridge,A,ln,candidate-149,"{""alpha"": 0.01}",7.550683751308503,1.665217219212643,62.81520137269283,78.72477525764837,7.705207568543672,0
ElasticNet,A,ln,candidate-154,"{""alpha"": 0.0001, ""l1_ratio"": 0.2}",7.553923822136258,1.6631917154973908,62.838070627502454,78.73105545053258,7.708575917765126,0
ElasticNet,C,ln,candidate-218,"{""alpha"": 0.01, ""l1_ratio"": 0.2}",7.794827795590743,1.3935441858435043,63.83132248117765,76.79600274793772,7.87680382772432,0
Ridge,D1,ln,candidate-239,"{""alpha"": 10}",7.804151214722459,2.6725154578558814,65.55537143014237,78.45485618920063,7.70718032559356,0
ElasticNet,B,ln,candidate-191,"{""alpha"": 0.01, ""l1_ratio"": 0.8}",7.909488251530675,1.8493938274141744,64.35742135735592,78.2210698400086,8.098216267627235,0
ElasticNet,C,ln,candidate-217,"{""alpha"": 0.001, ""l1_ratio"": 0.8}",8.170803624966549,1.9557574588734572,66.00682334311801,80.44995874536525,8.297773321493576,0
ElasticNet,C,ln,candidate-216,"{""alpha"": 0.001, ""l1_ratio"": 0.5}",8.264060469334776,2.109820660104291,66.52698993124554,81.36022112081473,8.402869982350094,0
Ridge,C,ln,candidate-209,"{""alpha"": 1}",8.284404013785126,1.8373405777250236,66.97344063113913,81.2325877357137,8.373920147690207,0
Ridge,D2,identity,candidate-118,"{""alpha"": 0.01}",8.303710605071034,2.5588802416347636,64.382383072649,82.32628196838743,8.509398215475333,0
ElasticNet,B,ln,candidate-190,"{""alpha"": 0.01, ""l1_ratio"": 0.5}",8.311242218222283,2.4096513347217896,66.21992775431964,80.54647565248379,8.558279163928933,0
Ridge,D2,identity,candidate-119,"{""alpha"": 0.1}",8.340179898059427,2.566705675003825,64.6284714988392,82.55512575054031,8.548163506497767,0
Ridge,D1,identity,candidate-092,"{""alpha"": 10}",8.378669640926017,1.9930417814265866,69.98305038674174,82.01204769545913,8.404411590098288,0
ElasticNet,C,ln,candidate-215,"{""alpha"": 0.001, ""l1_ratio"": 0.2}",8.418750080174553,2.211265226340161,67.69323435551412,82.70936636225909,8.559186787281925,0
Ridge,C,ln,candidate-208,"{""alpha"": 0.1}",8.464493051286844,2.258203706534874,68.0186412147533,83.07434501751717,8.606048725124412,0
ElasticNet,D2,identity,candidate-125,"{""alpha"": 0.1, ""l1_ratio"": 0.8}",8.490931511451967,2.572372003028903,65.66868243187103,83.52211693390628,8.706932310608321,0
ElasticNet,C,ln,candidate-214,"{""alpha"": 0.0001, ""l1_ratio"": 0.8}",8.530930980008517,2.242261692498276,68.63606202499786,84.20638614315905,8.670461087212733,0
Ridge,C,ln,candidate-210,"{""alpha"": 10}",8.53111802349838,1.4546845262799029,68.14670391756995,83.11541047874451,8.474163904637058,0
Ridge,D2,ln,candidate-268,"{""alpha"": 10}",8.536945524492655,1.7043054362655121,69.21893142497217,83.59193809863584,8.538676658977998,0
ElasticNet,C,ln,candidate-213,"{""alpha"": 0.0001, ""l1_ratio"": 0.5}",8.563015518429765,2.2551926514631853,68.89443083607689,84.47818735463434,8.702532520901533,0
Ridge,C,ln,candidate-207,"{""alpha"": 0.01}",8.58562260985651,2.2700923195744607,69.06934456235139,84.67817779532056,8.725398383721899,0
ElasticNet,C,ln,candidate-212,"{""alpha"": 0.0001, ""l1_ratio"": 0.2}",8.602377610007839,2.271000672772725,69.20997293780985,84.75666482461811,8.7418876692156,0
ElasticNet,B,ln,candidate-189,"{""alpha"": 0.01, ""l1_ratio"": 0.2}",8.642740168759714,3.0506107101289124,67.5521502921201,83.20640004847444,8.941871890078632,0
Ridge,D2,identity,candidate-120,"{""alpha"": 1}",8.646270340465634,2.6341149418618808,66.70092321106408,84.80361131207887,8.873235582417626,0
Ridge,A,ln,candidate-152,"{""alpha"": 10}",8.665704557036147,1.7502961270706707,70.16400742941617,84.13616764245971,8.661642813131817,0
ElasticNet,D2,identity,candidate-124,"{""alpha"": 0.1, ""l1_ratio"": 0.5}",8.739895643537627,2.629745390757769,67.36115040373922,85.60381646826461,8.970687738812288,0
Ridge,B,ln,candidate-180,"{""alpha"": 1}",8.800343440802955,3.056921555728299,68.66303873265137,84.77794328982492,9.108072784447389,0
Ridge,B,ln,candidate-179,"{""alpha"": 0.1}",8.819983819222177,3.6229088170517105,67.24267763163968,84.176741727597,9.17190350543552,0
Ridge,B,ln,candidate-178,"{""alpha"": 0.01}",8.831094578603148,3.7022868543811662,67.00976712836136,83.85905728115281,9.189574591575862,0
ElasticNet,B,ln,candidate-183,"{""alpha"": 0.0001, ""l1_ratio"": 0.2}",8.832794284744448,3.702837463861307,67.0131463350862,83.8655127591716,9.191426694334933,0
ElasticNet,B,ln,candidate-184,"{""alpha"": 0.0001, ""l1_ratio"": 0.5}",8.835657755137566,3.69227986216877,67.06635853658922,83.9373374986615,9.193590031883922,0
ElasticNet,B,ln,candidate-185,"{""alpha"": 0.0001, ""l1_ratio"": 0.8}",8.838577749015041,3.6818501243389,67.11996050847705,84.01588863248126,9.195813923659259,0
ElasticNet,B,ln,candidate-188,"{""alpha"": 0.001, ""l1_ratio"": 0.8}",8.85990565290077,3.453572145189715,68.05130470430784,84.25579741383622,9.19859479020712,0
ElasticNet,B,ln,candidate-186,"{""alpha"": 0.001, ""l1_ratio"": 0.2}",8.87951105236603,3.606149361881551,67.6963376738864,84.46529615674832,9.232059615860342,0
ElasticNet,B,ln,candidate-187,"{""alpha"": 0.001, ""l1_ratio"": 0.5}",8.900573593324918,3.519134345585324,68.15157511041471,84.51115542649259,9.246251115405261,0
ElasticNet,D2,identity,candidate-123,"{""alpha"": 0.1, ""l1_ratio"": 0.2}",8.945523398004031,2.663115949805067,68.8043887679143,87.4973322651925,9.187082390904887,0
ElasticNet,D1,identity,candidate-098,"{""alpha"": 1, ""l1_ratio"": 0.5}",8.998855972697745,1.7899263040525044,74.78049524238627,87.5336062335927,9.029573874874295,0
ElasticNet,A,identity,candidate-009,"{""alpha"": 0.1, ""l1_ratio"": 0.8}",9.025238243935409,3.78220488406685,68.47405877680137,88.89776227387829,9.330241520550075,0
Ridge,A,identity,candidate-004,"{""alpha"": 1}",9.036994137910455,3.534722049712694,68.7960920682193,88.93590383593005,9.329221329904994,0
Ridge,A,identity,candidate-002,"{""alpha"": 0.01}",9.044705412391174,4.433526571395326,67.67202847385389,89.24753969126263,9.393694093276784,0
ElasticNet,A,identity,candidate-008,"{""alpha"": 0.1, ""l1_ratio"": 0.5}",9.055157102872624,3.344327300629694,69.10723247295752,88.95399975972448,9.337013046509131,0
Ridge,A,identity,candidate-003,"{""alpha"": 0.1}",9.06114399511438,4.3103431846910825,68.06165448642744,89.0769414320393,9.402608280951112,0
GradientBoosting,D2,ln,candidate-293,"{""learning_rate"": 0.1, ""max_depth"": 2, ""n_estimators"": 200}",9.072370245152712,4.413558466007578,76.57150111486706,93.6660614901303,9.560799141288888,0
ElasticNet,A,identity,candidate-007,"{""alpha"": 0.1, ""l1_ratio"": 0.2}",9.14150467750245,3.080940119550498,69.9749283398447,89.52922838074949,9.412742686705734,0
GradientBoosting,D2,ln,candidate-292,"{""learning_rate"": 0.1, ""max_depth"": 2, ""n_estimators"": 100}",9.286906138753977,4.498756662191955,77.95458082057083,94.196683388521,9.793268663670741,0
GradientBoosting,D1,ln,candidate-257,"{""learning_rate"": 0.03, ""max_depth"": 1, ""n_estimators"": 100}",9.338364537768976,5.226147143500773,77.43873951395975,98.12148940853882,9.893915923083195,0
ElasticNet,B,ln,candidate-193,"{""alpha"": 0.1, ""l1_ratio"": 0.5}",9.361930565295271,2.4532739919548923,78.5031256679836,97.45426769955978,9.597252257121573,0
RandomForest,D2,ln,candidate-282,"{""max_depth"": 2, ""min_samples_leaf"": 3}",9.430337265631488,5.078486560786762,78.38390483553913,96.63609164585603,9.99991633171989,0
ElasticNet,D2,identity,candidate-128,"{""alpha"": 1, ""l1_ratio"": 0.8}",9.448800847067167,2.6615572584475276,73.41431069459966,92.05909279481025,9.709488107818299,0
ElasticNet,A,identity,candidate-012,"{""alpha"": 1, ""l1_ratio"": 0.8}",9.44924850288342,2.570823935581517,73.43934088404413,92.24693439806995,9.7025594347688,0
ElasticNet,D1,ln,candidate-251,"{""alpha"": 0.1, ""l1_ratio"": 0.5}",9.451733174284618,2.111071524668242,77.54005995497323,91.20223598772104,9.621891274584971,0
ElasticNet,A,ln,candidate-164,"{""alpha"": 0.1, ""l1_ratio"": 0.5}",9.459752715077059,2.113085339673409,77.5991632659548,91.23234050630477,9.631056464062045,0
ElasticNet,D2,ln,candidate-280,"{""alpha"": 0.1, ""l1_ratio"": 0.5}",9.459752715077059,2.113085339673409,77.5991632659548,91.23234050630477,9.631056464062045,0
RandomForest,D2,ln,candidate-284,"{""max_depth"": 4, ""min_samples_leaf"": 3}",9.530110474566314,4.985679195066826,79.53253291998845,98.3856425232686,10.088900809505834,0
ElasticNet,C,ln,candidate-222,"{""alpha"": 0.1, ""l1_ratio"": 0.5}",9.533914008544887,1.8893748274676578,78.04846391383978,92.01889934409992,9.684719497058902,0
RandomForest,A,ln,candidate-166,"{""max_depth"": 2, ""min_samples_leaf"": 3}",9.600373171505485,4.945342515839486,80.06215502106042,98.42251850360287,10.150428862975495,0
GradientBoosting,D1,identity,candidate-110,"{""learning_rate"": 0.03, ""max_depth"": 1, ""n_estimators"": 100}",9.619444048341983,5.109677734278978,78.94911438037545,98.62989760512927,10.164511225346752,0
RandomForest,A,ln,candidate-168,"{""max_depth"": 4, ""min_samples_leaf"": 3}",9.665589440365627,4.956226276693481,80.91666024265717,100.07247425694939,10.216122054615468,0
RandomForest,D2,identity,candidate-135,"{""max_depth"": 2, ""min_samples_leaf"": 3}",9.666331694512992,5.057740798956706,79.89130911858174,98.02686148393224,10.235977391594185,0
GradientBoosting,D1,ln,candidate-259,"{""learning_rate"": 0.03, ""max_depth"": 2, ""n_estimators"": 100}",9.689821999715809,5.126088909361682,81.1998968294968,100.82588714963933,10.232161487143319,0
RandomForest,C,ln,candidate-226,"{""max_depth"": 4, ""min_samples_leaf"": 3}",9.697736785505139,4.847190957728963,80.78573809309589,100.08140677370051,10.20619088712101,0
Ridge,B,ln,candidate-181,"{""alpha"": 10}",9.700435762579508,1.678601679125371,79.17331250783577,94.0008200931168,9.860060498989903,0
RandomForest,C,ln,candidate-225,"{""max_depth"": 2, ""min_samples_leaf"": 6}",9.700543572597146,5.084624042578922,80.47663778307286,95.72634821317033,10.14882382869559,0
RandomForest,C,ln,candidate-227,"{""max_depth"": 4, ""min_samples_leaf"": 6}",9.700543572597146,5.084624042578922,80.47663778307286,95.72634821317033,10.14882382869559,0
GradientBoosting,D2,ln,candidate-288,"{""learning_rate"": 0.03, ""max_depth"": 2, ""n_estimators"": 100}",9.72068292585574,5.289567375364598,81.14887334017722,98.46451008388723,10.317067407296117,0
RandomForest,D2,ln,candidate-283,"{""max_depth"": 2, ""min_samples_leaf"": 6}",9.732366336462736,5.043581036360686,80.61741150390424,96.37887915345196,10.201915510241612,0
RandomForest,D2,ln,candidate-285,"{""max_depth"": 4, ""min_samples_leaf"": 6}",9.732366336462736,5.043581036360686,80.61741150390424,96.37887915345196,10.201915510241612,0
GradientBoosting,D1,identity,candidate-112,"{""learning_rate"": 0.03, ""max_depth"": 2, ""n_estimators"": 100}",9.74595716056625,5.009827145802407,81.45235983004395,99.75910107887907,10.271957119844798,0
RandomForest,D2,identity,candidate-137,"{""max_depth"": 4, ""min_samples_leaf"": 3}",9.747867908332218,4.978836418896616,80.90485821860015,99.75706978355034,10.30861692159479,0
GradientBoosting,D2,ln,candidate-287,"{""learning_rate"": 0.03, ""max_depth"": 1, ""n_estimators"": 200}",9.758666259646994,5.232601581976055,80.43431446772175,96.7366749554469,10.341678686482956,0
RandomForest,A,ln,candidate-167,"{""max_depth"": 2, ""min_samples_leaf"": 6}",9.762316653363253,5.0742408470718745,80.98746344287983,96.92456172873553,10.226221783886913,0
RandomForest,A,ln,candidate-169,"{""max_depth"": 4, ""min_samples_leaf"": 6}",9.762316653363253,5.0742408470718745,80.98746344287983,96.92456172873553,10.226221783886913,0
GradientBoosting,C,ln,candidate-229,"{""learning_rate"": 0.03, ""max_depth"": 1, ""n_estimators"": 200}",9.768899441429019,4.96122659734472,80.29239247485201,97.52235516410433,10.313463538975395,0
GradientBoosting,D2,ln,candidate-289,"{""learning_rate"": 0.03, ""max_depth"": 2, ""n_estimators"": 200}",9.772084070371967,4.873525547281181,82.23349861419845,100.00859405724586,10.324071754203638,0
GradientBoosting,A,ln,candidate-177,"{""learning_rate"": 0.1, ""max_depth"": 2, ""n_estimators"": 200}",9.781962660340884,4.8294051301146625,83.40654792759125,103.67278566284556,10.315178741837371,0
GradientBoosting,C,ln,candidate-232,"{""learning_rate"": 0.1, ""max_depth"": 1, ""n_estimators"": 100}",9.800808145127366,4.97276413275732,80.26651538784881,95.53969228699334,10.323312353260802,0
GradientBoosting,D2,ln,candidate-290,"{""learning_rate"": 0.1, ""max_depth"": 1, ""n_estimators"": 100}",9.815468685398073,5.082996683669586,81.06560825511,96.2850181848017,10.375581825117822,0
GradientBoosting,D1,identity,candidate-113,"{""learning_rate"": 0.03, ""max_depth"": 2, ""n_estimators"": 200}",9.817135225278971,4.268024059343215,82.1556634853879,99.43588495632893,10.280730306979681,0
GradientBoosting,D2,ln,candidate-291,"{""learning_rate"": 0.1, ""max_depth"": 1, ""n_estimators"": 200}",9.820297112512373,4.860356066316608,81.15810066988811,95.41356194219047,10.358197132758793,0
RandomForest,D1,ln,candidate-254,"{""max_depth"": 2, ""min_samples_leaf"": 6}",9.827876244788875,5.054223017090264,81.5708086731432,97.48559246393202,10.289860166318432,0
RandomForest,D1,ln,candidate-256,"{""max_depth"": 4, ""min_samples_leaf"": 6}",9.827876244788875,5.054223017090264,81.5708086731432,97.48559246393202,10.289860166318432,0
GradientBoosting,D1,ln,candidate-261,"{""learning_rate"": 0.1, ""max_depth"": 1, ""n_estimators"": 100}",9.830550706976048,4.291669223604203,81.48756979012913,99.15626565892714,10.287490748982453,0
GradientBoosting,A,ln,candidate-171,"{""learning_rate"": 0.03, ""max_depth"": 1, ""n_estimators"": 200}",9.844840358193633,5.299062938218286,81.15664803996445,97.58044919602654,10.437126400489268,0
GradientBoosting,D1,identity,candidate-116,"{""learning_rate"": 0.1, ""max_depth"": 2, ""n_estimators"": 100}",9.845689190052994,3.827364194999409,82.9137381430222,101.54189858210425,10.266069915226721,0
GradientBoosting,D1,ln,candidate-258,"{""learning_rate"": 0.03, ""max_depth"": 1, ""n_estimators"": 200}",9.849378336025259,4.476723830766208,81.36640744041057,98.54294742255702,10.33115588717448,0
GradientBoosting,D1,ln,candidate-262,"{""learning_rate"": 0.1, ""max_depth"": 1, ""n_estimators"": 200}",9.849906296720025,3.9480005966685754,81.92139961508161,99.86160919692051,10.27501603983067,0
RandomForest,A,identity,candidate-019,"{""max_depth"": 2, ""min_samples_leaf"": 3}",9.85098793281242,4.95834641096887,81.68253959950816,100.0218838131793,10.407715126877282,0
GradientBoosting,A,ln,candidate-176,"{""learning_rate"": 0.1, ""max_depth"": 2, ""n_estimators"": 100}",9.853715111693194,4.822509032820891,83.64429332612596,102.91510313063536,10.391334075983593,0
RandomForest,C,ln,candidate-224,"{""max_depth"": 2, ""min_samples_leaf"": 3}",9.860487224356698,4.897797148774214,82.17973427274845,102.11298692572268,10.37715068012735,0
RandomForest,C,identity,candidate-079,"{""max_depth"": 4, ""min_samples_leaf"": 3}",9.86947271779464,4.748112155690907,81.83790073342655,100.75883534187878,10.368139884809493,0
GradientBoosting,A,ln,candidate-170,"{""learning_rate"": 0.03, ""max_depth"": 1, ""n_estimators"": 100}",9.887409462889115,5.878092353852646,81.74997005842232,100.22918249028638,10.549862076326999,0
GradientBoosting,D1,identity,candidate-111,"{""learning_rate"": 0.03, ""max_depth"": 1, ""n_estimators"": 200}",9.887593610061042,4.548898971436956,81.71738575113342,99.26437441941488,10.376595762038992,0
ElasticNet,C,identity,candidate-070,"{""alpha"": 1, ""l1_ratio"": 0.8}",9.898932351638019,3.245982373216806,74.85544623107918,95.37699467858904,10.104264219502795,0
Ridge,C,identity,candidate-063,"{""alpha"": 10}",9.906811359396624,3.2347804916337926,75.7897628550927,97.20620995439681,10.107925490267673,0
GradientBoosting,D2,identity,candidate-146,"{""learning_rate"": 0.1, ""max_depth"": 2, ""n_estimators"": 200}",9.90743534561007,4.802911532415382,83.18825257484215,99.91564261810692,10.43210513100533,0
GradientBoosting,A,ln,candidate-172,"{""learning_rate"": 0.03, ""max_depth"": 2, ""n_estimators"": 100}",9.908344199204318,5.654856668655172,83.06656843662644,102.14154352933329,10.54035831509593,0
RandomForest,A,identity,candidate-021,"{""max_depth"": 4, ""min_samples_leaf"": 3}",9.919244335273161,5.000565401665188,82.52688031462583,101.7651695664397,10.48057339301817,0
GradientBoosting,D2,ln,candidate-286,"{""learning_rate"": 0.03, ""max_depth"": 1, ""n_estimators"": 100}",9.923744280173732,5.882467060799911,82.05148419803037,100.55975556592747,10.587418950878899,0
GradientBoosting,D2,identity,candidate-145,"{""learning_rate"": 0.1, ""max_depth"": 2, ""n_estimators"": 100}",9.940467669300464,5.029998069089687,83.14497071438548,99.66436379963268,10.500816778562287,0
ElasticNet,D1,identity,candidate-097,"{""alpha"": 1, ""l1_ratio"": 0.2}",9.956349349494007,1.5317781172543175,82.36506597615909,96.57703554211461,10.00260046168162,0
GradientBoosting,D1,ln,candidate-263,"{""learning_rate"": 0.1, ""max_depth"": 2, ""n_estimators"": 100}",9.97802559892764,4.19505319087628,83.99464166951245,100.95451207409504,10.439404352477819,0
GradientBoosting,D1,ln,candidate-260,"{""learning_rate"": 0.03, ""max_depth"": 2, ""n_estimators"": 200}",9.985099434195721,4.295878001594097,83.91749054347368,100.9478834084479,10.447521817996543,0
GradientBoosting,A,ln,candidate-175,"{""learning_rate"": 0.1, ""max_depth"": 1, ""n_estimators"": 200}",9.991320849804563,5.133908278431255,83.27658133010632,98.92538803354178,10.563739255131663,0
RandomForest,C,identity,candidate-078,"{""max_depth"": 2, ""min_samples_leaf"": 6}",9.99623099175569,4.961071115145835,82.18474968258273,97.56740453415708,10.438190291944712,0
RandomForest,C,identity,candidate-080,"{""max_depth"": 4, ""min_samples_leaf"": 6}",9.99623099175569,4.961071115145835,82.18474968258273,97.56740453415708,10.438190291944712,0
GradientBoosting,A,ln,candidate-174,"{""learning_rate"": 0.1, ""max_depth"": 1, ""n_estimators"": 100}",10.011359727164503,5.202033389378311,82.8064308045459,99.10921627825476,10.58664764572836,0
GradientBoosting,C,ln,candidate-231,"{""learning_rate"": 0.03, ""max_depth"": 2, ""n_estimators"": 200}",10.02420370248455,4.760674102324985,82.4386958886292,101.30430176559672,10.525357849787472,0
RandomForest,D1,ln,candidate-253,"{""max_depth"": 2, ""min_samples_leaf"": 3}",10.024717223458376,5.065893989119367,83.6567006168656,102.1973156355547,10.593942672459173,0
ElasticNet,C,identity,candidate-069,"{""alpha"": 1, ""l1_ratio"": 0.5}",10.05673498596907,2.7316962240861415,77.56698740693908,98.00672220531591,10.209287035101934,0
RandomForest,D2,identity,candidate-136,"{""max_depth"": 2, ""min_samples_leaf"": 6}",10.063408861179255,4.974172584579631,82.62757638288815,98.39303172630953,10.535187419215832,0
RandomForest,D2,identity,candidate-138,"{""max_depth"": 4, ""min_samples_leaf"": 6}",10.063408861179255,4.974172584579631,82.62757638288815,98.39303172630953,10.535187419215832,0
GradientBoosting,D1,identity,candidate-117,"{""learning_rate"": 0.1, ""max_depth"": 2, ""n_estimators"": 200}",10.06940853288472,3.4584276622161636,84.72850770785826,103.25075867004716,10.454369102624685,0
RandomForest,C,identity,candidate-077,"{""max_depth"": 2, ""min_samples_leaf"": 3}",10.076996753084305,4.765923598818512,83.55713182271676,102.95106624689836,10.581960767858625,0
RandomForest,D1,ln,candidate-255,"{""max_depth"": 4, ""min_samples_leaf"": 3}",10.077749874123695,4.872380145284512,84.37843128007556,104.08192734831735,10.620332444045962,0
RandomForest,A,identity,candidate-020,"{""max_depth"": 2, ""min_samples_leaf"": 6}",10.090082345532595,4.988862206813834,82.9900209821138,98.9248571739754,10.558777818658983,0
RandomForest,A,identity,candidate-022,"{""max_depth"": 4, ""min_samples_leaf"": 6}",10.090082345532595,4.988862206813834,82.9900209821138,98.9248571739754,10.558777818658983,0
GradientBoosting,C,identity,candidate-082,"{""learning_rate"": 0.03, ""max_depth"": 1, ""n_estimators"": 200}",10.117860374752357,4.944695718349228,82.9615626024793,98.88920715724043,10.657353370836036,0
ElasticNet,C,identity,candidate-065,"{""alpha"": 0.1, ""l1_ratio"": 0.2}",10.122422920611875,3.6745231952638036,75.40071892492446,95.94828159899515,10.371861808480677,0
Ridge,D2,identity,candidate-121,"{""alpha"": 10}",10.126236919734314,2.7648634881049805,79.02920970758024,97.14436456657056,10.397615156121844,0
GradientBoosting,A,ln,candidate-173,"{""learning_rate"": 0.03, ""max_depth"": 2, ""n_estimators"": 200}",10.134314013821708,5.23552104234604,85.83472413662159,105.240926264981,10.72532806576986,0
GradientBoosting,D2,identity,candidate-142,"{""learning_rate"": 0.03, ""max_depth"": 2, ""n_estimators"": 200}",10.145982834034989,5.034007093625107,84.51178140824196,102.01564301272464,10.713647386591136,0
GradientBoosting,D1,identity,candidate-114,"{""learning_rate"": 0.1, ""max_depth"": 1, ""n_estimators"": 100}",10.153842402009769,4.332276625390867,84.24817389119545,102.29077760399596,10.618624700870965,0
RandomForest,D1,identity,candidate-107,"{""max_depth"": 2, ""min_samples_leaf"": 6}",10.178942469296762,4.968115422146091,83.74145136135805,99.592567470455,10.643487291848015,0
RandomForest,D1,identity,candidate-109,"{""max_depth"": 4, ""min_samples_leaf"": 6}",10.178942469296762,4.968115422146091,83.74145136135805,99.592567470455,10.643487291848015,0
GradientBoosting,B,ln,candidate-200,"{""learning_rate"": 0.03, ""max_depth"": 1, ""n_estimators"": 200}",10.201115560303714,4.672901963388376,83.72545687438374,98.47690170629565,10.71269010639662,0
GradientBoosting,D1,identity,candidate-115,"{""learning_rate"": 0.1, ""max_depth"": 1, ""n_estimators"": 200}",10.203090489348329,4.033695719863927,84.92955305939033,102.99419328242604,10.639673684612418,0
Ridge,A,identity,candidate-005,"{""alpha"": 10}",10.20665441222936,2.6419664487690944,79.66082244598805,97.45934811727102,10.465787558462868,0
GradientBoosting,D2,identity,candidate-141,"{""learning_rate"": 0.03, ""max_depth"": 2, ""n_estimators"": 100}",10.22178569290538,5.437877020582932,85.03704407088625,103.13223880538233,10.839585369428145,0
GradientBoosting,A,identity,candidate-030,"{""learning_rate"": 0.1, ""max_depth"": 2, ""n_estimators"": 200}",10.234426484674259,5.157387981810696,87.25137449734058,107.54815069606013,10.808734858296772,0
RandomForest,D1,identity,candidate-106,"{""max_depth"": 2, ""min_samples_leaf"": 3}",10.242107670921122,5.030251854950418,85.04582288570501,103.45176070881621,10.80929717786756,0
ElasticNet,C,identity,candidate-066,"{""alpha"": 0.1, ""l1_ratio"": 0.5}",10.249200511312356,4.044515618394293,75.96744548477221,96.2968974084955,10.529081369195506,0
GradientBoosting,C,ln,candidate-235,"{""learning_rate"": 0.1, ""max_depth"": 2, ""n_estimators"": 200}",10.255033973280948,4.799753267828599,82.9231480023997,100.48770534135713,10.750217195788391,0
GradientBoosting,C,ln,candidate-233,"{""learning_rate"": 0.1, ""max_depth"": 1, ""n_estimators"": 200}",10.279183453935405,5.396883932691399,84.43308827676779,99.3038404354554,10.821698418774965,0
GradientBoosting,C,ln,candidate-234,"{""learning_rate"": 0.1, ""max_depth"": 2, ""n_estimators"": 100}",10.298690848091304,4.681535175222727,83.54210826485217,100.90090805317541,10.78791975345601,0
GradientBoosting,D2,identity,candidate-140,"{""learning_rate"": 0.03, ""max_depth"": 1, ""n_estimators"": 200}",10.319582074211276,5.797998042247825,84.65729431995254,100.31731182011185,10.9687417001331,0
GradientBoosting,D1,ln,candidate-264,"{""learning_rate"": 0.1, ""max_depth"": 2, ""n_estimators"": 200}",10.320265977714872,3.946243002970101,86.65758416130855,103.0522345459614,10.761527976142894,0
Ridge,C,identity,candidate-062,"{""alpha"": 1}",10.329222195419959,4.334202652871921,76.24573375486435,96.798301354442,10.631161096669826,0
RandomForest,D1,identity,candidate-108,"{""max_depth"": 4, ""min_samples_leaf"": 3}",10.34321459053074,4.86372073680534,86.1656241199387,105.8668617747268,10.889262838114512,0
GradientBoosting,A,identity,candidate-025,"{""learning_rate"": 0.03, ""max_depth"": 2, ""n_estimators"": 100}",10.343310350969828,5.802051014326572,86.76671761400482,106.05598684743003,11.001560840778284,0
GradientBoosting,D2,identity,candidate-139,"{""learning_rate"": 0.03, ""max_depth"": 1, ""n_estimators"": 100}",10.34568537138725,6.051028339837299,84.51485199587628,102.0232997650426,11.02646813813206,0
GradientBoosting,D2,identity,candidate-144,"{""learning_rate"": 0.1, ""max_depth"": 1, ""n_estimators"": 200}",10.35847415461557,5.569319164870483,85.10117030789407,99.8481643420784,10.977959622233055,0
ElasticNet,C,identity,candidate-068,"{""alpha"": 1, ""l1_ratio"": 0.2}",10.359956699137724,2.2291748225931,80.78850122556881,100.38717455938544,10.473174143317278,0
GradientBoosting,A,identity,candidate-023,"{""learning_rate"": 0.03, ""max_depth"": 1, ""n_estimators"": 100}",10.360537525249834,6.066182150006335,84.64261293676714,102.10707509923171,11.043144769077706,0
GradientBoosting,D2,identity,candidate-143,"{""learning_rate"": 0.1, ""max_depth"": 1, ""n_estimators"": 100}",10.372731597900314,5.715009780144647,85.16287285637723,99.98286521701925,11.00890593541554,0
GradientBoosting,A,identity,candidate-029,"{""learning_rate"": 0.1, ""max_depth"": 2, ""n_estimators"": 100}",10.373268669224174,5.3477490947173845,88.0582249478961,107.5175893810768,10.969864492858445,0
GradientBoosting,C,ln,candidate-228,"{""learning_rate"": 0.03, ""max_depth"": 1, ""n_estimators"": 100}",10.384304852366052,5.582334341787736,85.9278942667142,104.50347740288029,10.994303509928168,0
GradientBoosting,B,ln,candidate-203,"{""learning_rate"": 0.1, ""max_depth"": 1, ""n_estimators"": 100}",10.401188040168432,4.340118939919976,86.12916048751318,99.56212248877415,10.86558730494876,0
GradientBoosting,C,ln,candidate-230,"{""learning_rate"": 0.03, ""max_depth"": 2, ""n_estimators"": 100}",10.405348985736527,5.103339101617562,85.86528883177982,106.57779456753181,10.947109603405638,0
GradientBoosting,A,identity,candidate-026,"{""learning_rate"": 0.03, ""max_depth"": 2, ""n_estimators"": 200}",10.424515794939975,5.40891608797405,88.0378783423123,107.82247824800416,11.03597089899091,0
ElasticNet,C,identity,candidate-067,"{""alpha"": 0.1, ""l1_ratio"": 0.8}",10.424803444687857,4.7085258957948515,76.56301561817,97.41640006159915,10.756292263925992,0
GradientBoosting,C,identity,candidate-085,"{""learning_rate"": 0.1, ""max_depth"": 1, ""n_estimators"": 100}",10.467063589387212,5.12189567190155,85.4517912697241,100.10127928205637,11.001991104170603,0
GradientBoosting,A,identity,candidate-024,"{""learning_rate"": 0.03, ""max_depth"": 1, ""n_estimators"": 200}",10.482762531390254,5.932685915743165,85.88515336367921,101.80177553930199,11.150117082805675,0
RandomForest,B,ln,candidate-195,"{""max_depth"": 2, ""min_samples_leaf"": 3}",10.51067116019451,5.039704424364064,86.80403004524656,103.13515458531462,11.066675026382226,0
ElasticNet,D2,identity,candidate-127,"{""alpha"": 1, ""l1_ratio"": 0.5}",10.54184328312473,2.562965749646523,82.73329786131816,99.49032547629847,10.78724381505107,0
GradientBoosting,A,identity,candidate-028,"{""learning_rate"": 0.1, ""max_depth"": 1, ""n_estimators"": 200}",10.549643880359074,5.838111428221088,87.53136244314445,103.13213979490065,11.201899026598905,0
RandomForest,B,ln,candidate-197,"{""max_depth"": 4, ""min_samples_leaf"": 3}",10.579022193336092,5.062086517764002,87.67744303531907,104.2467539108062,11.13840733140093,0
GradientBoosting,A,identity,candidate-027,"{""learning_rate"": 0.1, ""max_depth"": 1, ""n_estimators"": 100}",10.592666322759722,5.895557611254122,87.16730361910422,102.53738838965114,11.247915495469389,0
GradientBoosting,C,identity,candidate-084,"{""learning_rate"": 0.03, ""max_depth"": 2, ""n_estimators"": 200}",10.601652549784667,5.180924434629136,86.70751622019814,107.15220409034855,11.12719219471608,0
GradientBoosting,B,ln,candidate-199,"{""learning_rate"": 0.03, ""max_depth"": 1, ""n_estimators"": 100}",10.60493750599104,5.202730851085098,86.37135886439928,103.57379141573301,11.176443219920431,0
ElasticNet,A,identity,candidate-011,"{""alpha"": 1, ""l1_ratio"": 0.5}",10.67248955008379,2.5140451598797746,83.61071266949665,100.24673068992806,10.91035379221285,0
Ridge,C,identity,candidate-061,"{""alpha"": 0.1}",10.689923303098034,5.482453248012278,77.69887141673033,99.44041841843409,11.081851458920148,0
GradientBoosting,B,ln,candidate-204,"{""learning_rate"": 0.1, ""max_depth"": 1, ""n_estimators"": 200}",10.708670063859547,4.019713801190205,88.91961057412846,101.63780188283299,11.132687022246222,0
GradientBoosting,B,ln,candidate-206,"{""learning_rate"": 0.1, ""max_depth"": 2, ""n_estimators"": 200}",10.711312697944697,2.4153463577485947,91.35897686159134,110.36098444457784,10.98281943710086,0
RandomForest,B,ln,candidate-196,"{""max_depth"": 2, ""min_samples_leaf"": 6}",10.726910803529083,4.832011417915258,87.74885995142668,103.64562649951836,11.14416419313563,0
RandomForest,B,ln,candidate-198,"{""max_depth"": 4, ""min_samples_leaf"": 6}",10.726910803529083,4.832011417915258,87.74885995142668,103.64562649951836,11.14416419313563,0
GradientBoosting,C,identity,candidate-087,"{""learning_rate"": 0.1, ""max_depth"": 2, ""n_estimators"": 100}",10.791106862040875,5.247735209259988,87.52069936908762,106.70553666948854,11.315362445323597,0
Ridge,C,identity,candidate-060,"{""alpha"": 0.01}",10.791843743203303,5.660617155436452,78.2539576140367,100.26650487758364,11.199038754152262,0
GradientBoosting,B,ln,candidate-201,"{""learning_rate"": 0.03, ""max_depth"": 2, ""n_estimators"": 100}",10.826895993833912,4.06949999770109,91.396621732667,112.56272483973248,11.27200023737224,0
GradientBoosting,C,identity,candidate-081,"{""learning_rate"": 0.03, ""max_depth"": 1, ""n_estimators"": 100}",10.83358257255126,5.537721679015627,88.48644694267712,105.76434001363991,11.430178930180436,0
RandomForest,B,identity,candidate-048,"{""max_depth"": 2, ""min_samples_leaf"": 3}",10.848826455235715,5.044283589431757,88.95443337945281,104.80036781298804,11.40711717874548,0
GradientBoosting,C,identity,candidate-086,"{""learning_rate"": 0.1, ""max_depth"": 1, ""n_estimators"": 200}",10.870665308913505,5.435860631730791,89.03131768498403,104.22795088616624,11.408728803878203,0
GradientBoosting,B,ln,candidate-205,"{""learning_rate"": 0.1, ""max_depth"": 2, ""n_estimators"": 100}",10.872688703208988,3.0565106158714754,92.53401089468827,111.3757236340073,11.216266600510039,0
RandomForest,B,identity,candidate-050,"{""max_depth"": 4, ""min_samples_leaf"": 3}",10.90374957194918,5.102388245973884,89.61991303702898,105.78899533393117,11.470817445939725,0
GradientBoosting,C,identity,candidate-088,"{""learning_rate"": 0.1, ""max_depth"": 2, ""n_estimators"": 200}",10.944238291782334,5.205812808147271,88.54371156960349,107.5122493663694,11.450012557741529,0
RandomForest,B,identity,candidate-049,"{""max_depth"": 2, ""min_samples_leaf"": 6}",10.96155662037583,4.879124759330522,88.64144466096931,104.94481504345576,11.39213043796042,0
RandomForest,B,identity,candidate-051,"{""max_depth"": 4, ""min_samples_leaf"": 6}",10.96155662037583,4.879124759330522,88.64144466096931,104.94481504345576,11.39213043796042,0
GradientBoosting,C,identity,candidate-083,"{""learning_rate"": 0.03, ""max_depth"": 2, ""n_estimators"": 100}",10.983451977388222,5.446799581565184,90.17138877075654,111.68723824687633,11.560604450398893,0
GradientBoosting,B,ln,candidate-202,"{""learning_rate"": 0.03, ""max_depth"": 2, ""n_estimators"": 200}",10.988940138550205,3.7521383909388644,93.55907103121042,114.0718883525636,11.406550651424004,0
GradientBoosting,B,identity,candidate-056,"{""learning_rate"": 0.1, ""max_depth"": 1, ""n_estimators"": 100}",11.107084757006655,4.864705558933866,91.53612035202806,105.78061411966955,11.627477946008142,0
GradientBoosting,B,identity,candidate-053,"{""learning_rate"": 0.03, ""max_depth"": 1, ""n_estimators"": 200}",11.127861890427157,4.990110780457189,91.04331659565813,104.65946653304925,11.667414885295338,0
ElasticNet,D2,identity,candidate-126,"{""alpha"": 1, ""l1_ratio"": 0.2}",11.145780392339002,2.306057207284193,88.4670306294136,103.71270796585713,11.35178741236803,0
GradientBoosting,B,identity,candidate-052,"{""learning_rate"": 0.03, ""max_depth"": 1, ""n_estimators"": 100}",11.229131631964151,5.4678201029727225,90.57653200909868,106.55626259130034,11.834897068476993,0
ElasticNet,C,identity,candidate-073,"{""alpha"": 10, ""l1_ratio"": 0.8}",11.265627238424525,1.3192352039398836,91.68283420024808,112.15762502009143,11.27573487469489,0
GradientBoosting,B,identity,candidate-055,"{""learning_rate"": 0.03, ""max_depth"": 2, ""n_estimators"": 200}",11.305352660212229,4.19957521900899,95.73406405640543,116.3874459248888,11.769209458123516,0
GradientBoosting,B,identity,candidate-057,"{""learning_rate"": 0.1, ""max_depth"": 1, ""n_estimators"": 200}",11.336261502703291,4.663158141424171,94.02489498748709,107.83285118233798,11.826095146568587,0
GradientBoosting,B,identity,candidate-058,"{""learning_rate"": 0.1, ""max_depth"": 2, ""n_estimators"": 100}",11.360304089219555,3.915282920968689,96.51582951515317,115.39444429218574,11.78290435549217,0
ElasticNet,A,identity,candidate-010,"{""alpha"": 1, ""l1_ratio"": 0.2}",11.364231069751414,2.4616300116436203,89.67206722727576,105.18228863730262,11.577796067715806,0
GradientBoosting,B,identity,candidate-054,"{""learning_rate"": 0.03, ""max_depth"": 2, ""n_estimators"": 100}",11.413768870857478,4.249364580058765,95.80768633442611,115.79455094820173,11.88577667019517,0
GradientBoosting,B,identity,candidate-059,"{""learning_rate"": 0.1, ""max_depth"": 2, ""n_estimators"": 200}",11.417796771576054,3.4356414906402417,97.30889853612818,116.06807476455893,11.78842040551985,0
ElasticNet,B,ln,candidate-194,"{""alpha"": 0.1, ""l1_ratio"": 0.8}",11.466477831623056,4.110230517625019,94.17667110915528,112.10420110187533,11.818837857346777,0
ElasticNet,A,ln,candidate-165,"{""alpha"": 0.1, ""l1_ratio"": 0.8}",11.508657334438194,4.205538848920652,93.55685968543807,108.06249147978795,11.81239780743443,0
ElasticNet,C,ln,candidate-223,"{""alpha"": 0.1, ""l1_ratio"": 0.8}",11.508657334438194,4.205538848920652,93.55685968543807,108.06249147978795,11.81239780743443,0
ElasticNet,D1,ln,candidate-252,"{""alpha"": 0.1, ""l1_ratio"": 0.8}",11.508657334438194,4.205538848920652,93.55685968543807,108.06249147978795,11.81239780743443,0
ElasticNet,D2,ln,candidate-281,"{""alpha"": 0.1, ""l1_ratio"": 0.8}",11.508657334438194,4.205538848920652,93.55685968543807,108.06249147978795,11.81239780743443,0
ElasticNet,B,identity,candidate-041,"{""alpha"": 1, ""l1_ratio"": 0.8}",11.51379054749068,5.689558508254214,88.0184700804404,111.4182222043238,12.061236967959747,0
Ridge,B,identity,candidate-034,"{""alpha"": 10}",11.723170391298465,4.963850956988011,90.80558939488243,112.58162211332262,12.211581052828251,0
ElasticNet,B,identity,candidate-040,"{""alpha"": 1, ""l1_ratio"": 0.5}",11.928724968922142,4.1472515526692435,93.11691617909914,113.29358694814297,12.33854645374098,0
ElasticNet,B,identity,candidate-036,"{""alpha"": 0.1, ""l1_ratio"": 0.2}",12.007045811100852,7.61106528223311,89.15978991265712,114.38108030002176,12.682183198209962,0
Ridge,C,identity,candidate-064,"{""alpha"": 100}",12.1985171649212,1.8078769174633251,99.49528047101913,122.20125313067237,12.235189998849217,0
ElasticNet,B,identity,candidate-037,"{""alpha"": 0.1, ""l1_ratio"": 0.5}",12.263772709875255,8.288281421050597,90.1124122337626,116.00554600400953,12.97878591029716,0
ElasticNet,D2,identity,candidate-131,"{""alpha"": 10, ""l1_ratio"": 0.8}",12.301159560015046,2.0516106661957156,100.64630580935197,120.62936205581369,12.393993809940715,0
ElasticNet,B,identity,candidate-039,"{""alpha"": 1, ""l1_ratio"": 0.2}",12.307347794162414,3.526514628094144,96.91186306512041,115.17547403736971,12.645782354739119,0
ElasticNet,A,identity,candidate-015,"{""alpha"": 10, ""l1_ratio"": 0.8}",12.307654793346638,2.09217337408636,100.20649314943762,119.8981284661686,12.408116911371312,0
Ridge,C,ln,candidate-211,"{""alpha"": 100}",12.407199852239964,2.0134343877181347,103.17571987547892,122.02627764997442,12.382129849092886,0
Ridge,B,identity,candidate-033,"{""alpha"": 1}",12.492726310906173,8.654599781550598,91.19446674732964,117.2803328119292,13.226012348379513,0
ElasticNet,B,identity,candidate-044,"{""alpha"": 10, ""l1_ratio"": 0.8}",12.530574320423268,2.0395765972823474,102.44048840518747,123.96780158810718,12.661058700806722,0
ElasticNet,B,identity,candidate-038,"{""alpha"": 0.1, ""l1_ratio"": 0.8}",12.782583528616623,9.154373596021397,92.55730395883991,118.9778768950932,13.54176567203016,0
ElasticNet,D1,identity,candidate-102,"{""alpha"": 10, ""l1_ratio"": 0.8}",13.133454491998389,3.668939038200309,105.29030614231999,122.86702190132254,13.360654536786138,0
Ridge,B,ln,candidate-182,"{""alpha"": 100}",13.16742980786106,2.6122707995225953,110.13534659843947,131.44605549226586,13.190715713267522,0
Ridge,A,identity,candidate-006,"{""alpha"": 100}",13.185619440342709,2.5778649271282865,107.53506047050803,129.40800020775924,13.287434722860144,0
Ridge,B,identity,candidate-032,"{""alpha"": 0.1}",13.255032070692675,9.86878859208658,94.7557305102575,121.97216120445815,14.053209977415776,0
Ridge,A,ln,candidate-153,"{""alpha"": 100}",13.263861673014784,2.8496255064088007,110.22864107373535,129.33424595869602,13.28720103559431,0
Ridge,B,identity,candidate-035,"{""alpha"": 100}",13.297073475545085,2.513886206973692,108.71055183757562,131.8560763748595,13.41918792661429,0
Ridge,B,identity,candidate-031,"{""alpha"": 0.01}",13.347496303330107,10.042297207261086,95.04453203424869,122.6087506081551,14.155885275857557,0
Ridge,D2,identity,candidate-122,"{""alpha"": 100}",13.622234651043104,3.160618488007957,110.60136184886301,131.51285668748775,13.767903692774583,0
ElasticNet,C,identity,candidate-072,"{""alpha"": 10, ""l1_ratio"": 0.5}",13.652894462774492,3.2943673055236875,110.15183229963061,131.7383057627362,13.780863234430182,0
Ridge,D2,ln,candidate-269,"{""alpha"": 100}",13.780868684170645,3.4559902141173526,113.89490721300506,132.07122125435384,13.848172341112969,0
Ridge,D1,ln,candidate-240,"{""alpha"": 100}",14.319811526772273,4.619198639225548,116.71605136695162,133.74032729085107,14.48617177376004,0
ElasticNet,B,identity,candidate-043,"{""alpha"": 10, ""l1_ratio"": 0.5}",14.412428267482074,3.666563836809935,116.7858392759922,139.65762006937194,14.580908072328477,0
Ridge,D1,identity,candidate-093,"{""alpha"": 100}",14.416894504232573,4.851007161578398,114.96044221696123,133.79736113137275,14.689891696504365,0
ElasticNet,A,identity,candidate-014,"{""alpha"": 10, ""l1_ratio"": 0.5}",14.491146584939042,3.910376208657512,116.888124694548,138.06340007411808,14.666938972423985,0
ElasticNet,D2,identity,candidate-130,"{""alpha"": 10, ""l1_ratio"": 0.5}",14.932262313473426,4.671130337640165,119.81061091594052,140.5565509778326,15.151799931267423,0
ElasticNet,C,identity,candidate-071,"{""alpha"": 10, ""l1_ratio"": 0.2}",14.963123137652738,4.74189207011263,119.66473609507239,140.99395887869952,15.173561346632244,0
ElasticNet,D1,identity,candidate-101,"{""alpha"": 10, ""l1_ratio"": 0.5}",15.536164502454493,5.981372499760537,123.15509583888817,142.75325639897844,15.852792780320627,0
ElasticNet,B,identity,candidate-042,"{""alpha"": 10, ""l1_ratio"": 0.2}",15.584628468971875,5.05578826636244,124.98065283278265,147.1927583567678,15.829365555103724,0
ElasticNet,A,identity,candidate-013,"{""alpha"": 10, ""l1_ratio"": 0.2}",15.636005673806176,5.221954813937738,125.04137798227634,146.21823892415702,15.884415992612022,0
ElasticNet,D2,identity,candidate-129,"{""alpha"": 10, ""l1_ratio"": 0.2}",16.04510365906597,5.9420972895728665,127.74863315101113,148.8219336257162,16.333415852182085,0
ElasticNet,D1,identity,candidate-100,"{""alpha"": 10, ""l1_ratio"": 0.2}",16.47327216283917,6.890342074004263,130.11233773940495,150.55274882103805,16.83094947432325,0
ElasticNet,C,identity,candidate-074,"{""alpha"": 100, ""l1_ratio"": 0.2}",18.609963703678197,8.79659890787785,146.04659867242748,167.56804630671894,19.0809710273889,0
ElasticNet,C,identity,candidate-076,"{""alpha"": 100, ""l1_ratio"": 0.8}",18.66675882440753,9.059773252130334,146.2467419487158,167.4739802448134,19.159728709248707,0
ElasticNet,B,identity,candidate-045,"{""alpha"": 100, ""l1_ratio"": 0.2}",18.670504898014734,8.832223473789645,146.55904783581772,168.29223888023344,19.142872808552937,0
ElasticNet,A,identity,candidate-016,"{""alpha"": 100, ""l1_ratio"": 0.2}",18.675764073055262,8.844097185571771,146.57354131823712,168.2136000418528,19.14837886909345,0
ElasticNet,A,identity,candidate-018,"{""alpha"": 100, ""l1_ratio"": 0.8}",18.678312916082575,9.082338536482792,146.36725885601294,167.82773790502935,19.171092279078437,0
ElasticNet,B,identity,candidate-047,"{""alpha"": 100, ""l1_ratio"": 0.8}",18.684487431447977,9.077373484149483,146.42712064857088,168.08092853730716,19.177751592525226,0
ElasticNet,D1,identity,candidate-105,"{""alpha"": 100, ""l1_ratio"": 0.8}",18.684686844928898,9.078724993004107,146.43877201087824,167.8619312547006,19.177319480253978,0
ElasticNet,D2,identity,candidate-134,"{""alpha"": 100, ""l1_ratio"": 0.8}",18.69409495517814,9.073201688460818,146.52187188533566,167.95779536874602,19.186581020800727,0
ElasticNet,C,identity,candidate-075,"{""alpha"": 100, ""l1_ratio"": 0.5}",18.708653909267657,9.021631445178594,146.64149287963602,168.08304197667223,19.195774047478285,0
ElasticNet,D2,identity,candidate-132,"{""alpha"": 100, ""l1_ratio"": 0.2}",18.728880272506075,8.910533955570438,146.95412154872193,168.57637221970361,19.206174444982736,0
ElasticNet,B,identity,candidate-046,"{""alpha"": 100, ""l1_ratio"": 0.5}",18.74519654503967,9.015805902916135,146.9735289043555,168.67633185844562,19.230935909087986,0
ElasticNet,A,identity,candidate-017,"{""alpha"": 100, ""l1_ratio"": 0.5}",18.748262426021597,9.026554112730818,146.97356289421543,168.56342479005178,19.234104922107406,0
ElasticNet,D1,identity,candidate-103,"{""alpha"": 100, ""l1_ratio"": 0.2}",18.763782288967118,8.99887908125463,147.1380312959204,168.75131930849426,19.24700472866179,0
ElasticNet,D2,identity,candidate-133,"{""alpha"": 100, ""l1_ratio"": 0.5}",18.765120428093656,9.017209366316381,147.13942160466607,168.70945146401715,19.250518546705784,0
ElasticNet,D1,identity,candidate-104,"{""alpha"": 100, ""l1_ratio"": 0.5}",18.786488482498015,9.079454495184349,147.247317032555,168.80500787881238,19.27600284709974,0
Mean,baseline,identity,candidate-000,{},19.0056889501707,9.189479761818085,148.96400161597205,170.685682284562,19.50145489153042,0
Mean,baseline,ln,candidate-147,{},19.20657985646689,8.513638281206127,153.71573299362026,171.23737657167925,19.63369849382463,0
