split,feature,n,development_min,development_max,development_median,evaluation_median,below_development_min,above_development_max
Valid,deltaq_log10var,11,-4.647309148533841,-3.34990353982557,-3.8532686882819216,-3.848181645234819,3,0
Valid,qd_median,11,1.0605559,1.0973341,1.0830611,1.0801984,0,0
Valid,qd_change100_10,11,-0.014476399999999945,0.0021002000000001075,-0.0009717000000000198,-0.00013669999999987859,0,0
Valid,temp_mean,11,29.942198807956427,33.89497000372245,32.95969887229894,32.66455167507312,0,0
Test_Batch2,deltaq_log10var,39,-4.647309148533841,-3.34990353982557,-3.8532686882819216,-3.486830284527127,0,11
Test_Batch2,qd_median,39,1.0605559,1.0973341,1.0830611,1.0979762499999999,0,21
Test_Batch2,qd_change100_10,39,-0.014476399999999945,0.0021002000000001075,-0.0009717000000000198,0.00025420000000009324,1,14
Test_Batch2,temp_mean,39,29.942198807956427,33.89497000372245,32.95969887229894,33.01550370431462,1,5
Additional_Batch3,deltaq_log10var,44,-4.647309148533841,-3.34990353982557,-3.8532686882819216,-4.174769262135414,3,0
Additional_Batch3,qd_median,44,1.0605559,1.0973341,1.0830611,1.067708525,9,0
Additional_Batch3,qd_change100_10,44,-0.014476399999999945,0.0021002000000001075,-0.0009717000000000198,-0.0011822500000001623,3,0
Additional_Batch3,temp_mean,44,29.942198807956427,33.89497000372245,32.95969887229894,34.11068832675954,0,25
