cell_id,batch,policy,cycle_life,target_available,valid_QD_early100,deltaq_log10var,deltaq_min,qd_median,qd_iqr,qd_change100_10,temp_mean,charge_median,policy_c1,policy_switch_pct,policy_c2
Batch1-C00,Batch1,3.6C(80%)-3.6C,1190.0,True,99,-5.0144265311867695,-0.008459642934268818,1.0763736,0.0007935500000000317,0.0013753000000000792,31.603747328822767,13.358211666666708,3.6,80.0,3.6
Batch1-C01,Batch1,3.6C(80%)-3.6C,1179.0,True,99,-5.013525105388837,-0.011003816596621974,1.0816207,0.0009497999999998896,0.000853100000000051,31.33031430692745,13.341623333333215,3.6,80.0,3.6
Batch1-C02,Batch1,3.6C(80%)-3.6C,1177.0,True,99,-4.736565230206518,-0.017216391849644463,1.0856748,0.0005287000000002706,0.001158699999999957,31.479584113211207,13.341569999999773,3.6,80.0,3.6
Batch1-C03,Batch1,4C(80%)-4C,1226.0,True,99,-4.442178847502994,-0.018960539773269502,1.0853621,0.000686949999999964,0.00044200000000005346,29.942198807956427,12.092243333333318,4.0,80.0,4.0
Batch1-C04,Batch1,4C(80%)-4C,1227.0,True,99,-4.647309148533841,-0.013957995093677344,1.0832496,0.0005682499999999369,0.0006920999999999733,31.44888383416564,12.092204999999861,4.0,80.0,4.0
Batch1-C05,Batch1,4.4C(80%)-4.4C,1074.0,True,99,-4.178443451530505,-0.025178778949337288,1.0805809,0.0008842000000002237,-0.0003965999999999692,30.92149771366389,10.91741500000062,4.4,80.0,4.4
Batch1-C06,Batch1,4.8C(80%)-4.8C,636.0,True,99,-3.768443388453706,-0.03788603931347978,1.0812788,0.001486450000000028,-0.0018586000000000436,32.27384521945563,10.008315000000099,4.8,80.0,4.8
Batch1-C07,Batch1,4.8C(80%)-4.8C,870.0,True,99,-3.813051565552969,-0.03823338650707442,1.09716,0.0011429000000000578,-0.0018245000000001177,31.990084509217034,10.009005000000373,4.8,80.0,4.8
Batch1-C08,Batch1,5.4C(40%)-3.6C,879.0,True,99,-4.000760096997117,-0.030807702259195047,1.0950732,0.0007553999999998506,-3.7999999999982492e-06,32.076506270161325,11.20847000000067,5.4,40.0,3.6
Batch1-C09,Batch1,5.4C(40%)-3.6C,1054.0,True,99,-4.058949165995528,-0.028724475696229934,1.0879639,0.00044125000000017067,0.0009996999999999368,32.64153361126789,11.208363333333303,5.4,40.0,3.6
Batch1-C10,Batch1,5.4C(50%)-3C,906.0,True,99,-4.022138634713042,-0.026992931922526497,1.0822605,0.0007067000000000601,0.0021002000000001075,33.208150668462316,11.652169999999993,5.4,50.0,3.0
Batch1-C11,Batch1,5.4C(50%)-3C,788.0,True,99,-4.146462018728171,-0.023691513033622602,1.0605559,0.0007531000000002841,0.0018716000000000843,32.75932260623101,11.652381666667255,5.4,50.0,3.0
Batch1-C12,Batch1,5.4C(50%)-3.6C,902.0,True,99,-4.124756137214855,-0.027438869587688153,1.0823082,0.0005691999999999364,0.0007700999999999958,33.4580219141428,10.65295333333294,5.4,50.0,3.6
Batch1-C13,Batch1,5.4C(50%)-3.6C,897.0,True,99,-4.047571945868677,-0.029137075239816568,1.0844252,0.0007391000000001036,-4.8000000000048004e-05,32.09216634315908,10.65265833333348,5.4,50.0,3.6
Batch1-C14,Batch1,5.4C(60%)-3C,880.0,True,99,-4.045635328216262,-0.0282939556930506,1.0765082,0.0005167500000000658,0.000999500000000042,33.07746279993842,10.763341666666626,5.4,60.0,3.0
Batch1-C15,Batch1,5.4C(60%)-3C,719.0,True,99,-4.017514591393589,-0.02894455469678503,1.0680863,0.0006687999999996919,0.001147500000000079,33.147720104395674,10.763519999999941,5.4,60.0,3.0
Batch1-C16,Batch1,5.4C(60%)-3.6C,862.0,True,99,-4.098979163669727,-0.027606674842371115,1.0868037,0.0006460499999998426,0.0005359000000000336,32.41716254671689,10.09699833333337,5.4,60.0,3.6
Batch1-C17,Batch1,5.4C(60%)-3.6C,857.0,True,99,-3.9697249393883856,-0.031067967108938555,1.0774002,0.00044579999999982967,0.0012254000000000431,32.08875385853444,10.103795000000051,5.4,60.0,3.6
Batch1-C18,Batch1,5.4C(70%)-3C,691.0,True,99,-3.6496460333798235,-0.04413321540827286,1.0685651,0.0027924999999999756,-0.005023800000000023,31.83105727561802,9.957751666666688,5.4,70.0,3.0
Batch1-C19,Batch1,5.4C(70%)-3C,788.0,True,99,-3.6194723156628177,-0.04589269342650848,1.0885627,0.001082699999999992,-0.0015537000000001022,33.044085397077396,9.957913333333272,5.4,70.0,3.0
Batch1-C20,Batch1,5.4C(80%)-5.4C,534.0,True,99,-3.3668028984718394,-0.06358042689660326,1.0707365,0.007152950000000047,-0.014476399999999945,32.15292201754506,9.006340000000394,5.4,80.0,5.4
Batch1-C21,Batch1,5.4C(80%)-5.4C,559.0,True,99,-3.34990353982557,-0.06472026276575493,1.0831832,0.004448699999999972,-0.009073200000000003,33.13697371135654,8.985736666666586,5.4,80.0,5.4
Batch1-C22,Batch1,6C(30%)-3.6C,891.0,True,99,-3.9517341613687624,-0.032147144008991324,1.0831372,0.0010361000000000953,-0.0009717000000000198,32.843912838773846,11.43029333333349,6.0,30.0,3.6
Batch1-C23,Batch1,6C(30%)-3.6C,1014.0,True,99,-4.040359131553872,-0.029953516931757296,1.0826224,0.0008519999999998529,-0.0009636000000001754,31.990774547174937,11.430255000000004,6.0,30.0,3.6
Batch1-C24,Batch1,6C(40%)-3C,1017.0,True,99,-3.9382280118825164,-0.03184213409789827,1.0782109,0.0007046000000001662,-7.259999999997824e-05,33.378063951824195,12.098313333333742,6.0,40.0,3.0
Batch1-C25,Batch1,6C(40%)-3C,854.0,True,99,-4.027454308766241,-0.02944117289056547,1.0790472,0.000856299999999921,-0.0003018999999999661,33.848557073949294,12.09737499999998,6.0,40.0,3.0
Batch1-C26,Batch1,6C(40%)-3.6C,870.0,True,99,-3.7947854850113254,-0.03835445363245393,1.0908915,0.001318950000000152,-0.0016640999999999462,33.15641406115227,10.765060000000327,6.0,40.0,3.6
Batch1-C27,Batch1,6C(40%)-3.6C,842.0,True,99,-3.8532686882819216,-0.03583211964634625,1.0822542,0.0011439499999998937,-0.001266699999999954,33.89497000372245,10.763831666666677,6.0,40.0,3.6
Batch1-C28,Batch1,6C(50%)-3C,860.0,True,99,-3.8442772957221814,-0.03721348031974192,1.0808771,0.0007140500000000216,-0.0012768000000000779,33.773800525042,11.178876666666474,6.0,50.0,3.0
Batch1-C29,Batch1,6C(50%)-3C,917.0,True,99,-3.837847193189059,-0.036868449881918286,1.0829672,0.0008224000000001119,-0.00098240000000005,32.70415601771739,11.179469999999856,6.0,50.0,3.0
Batch1-C30,Batch1,6C(50%)-3.6C,709.0,True,99,-3.7442647061242904,-0.04081538502439652,1.082983,0.0014034499999999728,-0.001953399999999883,33.54008830692456,10.09681166666669,6.0,50.0,3.6
Batch1-C31,Batch1,6C(50%)-3.6C,876.0,True,99,-3.7772981123140252,-0.03947820648424727,1.0973341,0.0016507500000000341,-0.0027898000000001755,30.375396745150567,10.096814999999818,6.0,50.0,3.6
Batch1-C32,Batch1,6C(60%)-3C,731.0,True,99,-3.646028985296344,-0.04556628526257467,1.0808626,0.0010750500000000773,-0.0016681999999998975,33.08050304573433,10.096439999999953,6.0,60.0,3.0
Batch1-C33,Batch1,6C(60%)-3C,757.0,True,99,-3.6666230858126236,-0.044901781211682756,1.0958773,0.001577099999999998,-0.002425699999999864,33.67169761442224,10.096583333333305,6.0,60.0,3.0
Batch1-C34,Batch1,7C(30%)-3.6C,742.0,True,99,-3.848181645234819,-0.037218141748807665,1.0801984,0.000841349999999963,-0.00040940000000011523,32.66455167507312,11.001284999999916,7.0,30.0,3.6
Batch1-C35,Batch1,7C(30%)-3.6C,703.0,True,99,-3.7721713038220117,-0.039152034335048436,1.0746617,0.0006611499999999992,-0.00013669999999987859,32.09733437854189,11.001281666666667,7.0,30.0,3.6
Batch1-C36,Batch1,7C(40%)-3C,704.0,True,99,-3.6690668308219268,-0.044621405961221994,1.0814826,0.0009942000000000561,-0.001297899999999963,32.04688205693082,11.52468333333333,7.0,40.0,3.0
Batch1-C37,Batch1,7C(40%)-3C,648.0,True,99,-3.673504381540903,-0.044544784957630146,1.0781986,0.001185350000000085,-0.001513400000000109,32.95969887229894,11.524764999999995,7.0,40.0,3.0
Batch1-C38,Batch1,7C(40%)-3.6C,617.0,True,99,-3.432613661772658,-0.05641559694699583,1.0759119,0.0010054999999997705,-0.0010924999999999407,33.69474656343401,10.193719999999969,7.0,40.0,3.6
Batch1-C39,Batch1,7C(40%)-3.6C,625.0,True,99,-3.5040992086790537,-0.053143954091811496,1.0858474,0.0008447499999999497,-0.0008420000000000094,33.50643317156701,10.274616666666892,7.0,40.0,3.6
Batch1-C40,Batch1,8C(15%)-3.6C,966.0,True,99,-4.054778193380718,-0.02909570881628587,1.0872169,0.0008998499999999243,-0.0014332999999999707,33.45968416375564,12.054698333333363,8.0,15.0,3.6
Batch1-C41,Batch1,8C(15%)-3.6C,1051.0,True,99,-4.071079457405483,-0.02850629135902205,1.0830611,0.0006173000000000428,-0.0005790000000001072,33.07332253245542,12.054646666666182,8.0,15.0,3.6
Batch1-C42,Batch1,8C(25%)-3.6C,702.0,True,99,-3.665421273494984,-0.04470964572873015,1.0840977,0.0004622499999999974,-0.0004695000000001226,33.58506724391689,11.138530000000417,8.0,25.0,3.6
Batch1-C43,Batch1,8C(25%)-3.6C,651.0,True,99,-3.6673445598607963,-0.044605890152637384,1.0708283,0.0015358499999997832,-0.002598499999999948,33.339782658681436,11.138113333333118,8.0,25.0,3.6
Batch1-C44,Batch1,8C(35%)-3.6C,616.0,True,99,-3.4202654930324226,-0.05879707165403769,1.0871578,0.0019161500000000053,-0.0035061000000000675,32.55333216968652,10.22140833333348,8.0,35.0,3.6
Batch1-C45,Batch1,8C(35%)-3.6C,599.0,True,99,-3.4248577239248355,-0.059403509916114317,1.0874,0.0011928000000001049,-0.0016899999999999693,33.000547391096504,10.221549999999842,8.0,35.0,3.6
Batch2-C00,Batch2,5.2C(58%)-4C,477.0,True,100,-3.486830284527127,-0.055061277717081025,1.1057793999999999,0.0032313749999999253,0.0015544999999999032,31.807497385473816,10.173191666666874,5.2,58.0,4.0
Batch2-C01,Batch2,5.6C(26%)-4.5C,491.0,True,100,-3.297616853702019,-0.0661147205894651,1.10616045,0.0031462750000001982,-0.006769200000000142,33.59830289682961,10.176859166666691,5.6,26.0,4.5
Batch2-C02,Batch2,5.2C(50%)-4.25C,424.0,True,100,-3.4598138533388,-0.052717818544041395,1.07613915,0.0034506750000000697,-0.005759800000000093,33.17756576063981,10.17488666666759,5.2,50.0,4.25
Batch2-C03,Batch2,4.65C(44%)-5C,499.0,True,100,-3.4958084852006754,-0.05586845261151374,1.1009012500000002,0.005010050000000099,0.001900600000000141,33.93958543884461,10.173144166667043,4.65,44.0,5.0
Batch2-C04,Batch2,4.65C(69%)-6C,444.0,True,100,-3.232072300452541,-0.07029720690084085,1.0867067000000001,0.0051862250000001,-0.009355000000000002,33.05027186948681,10.229690833332885,4.65,69.0,6.0
Batch2-C05,Batch2,3.6C(30%)-6C,416.0,True,100,-3.0854472125051675,-0.08615002847927744,1.0874955499999999,0.011388825000000047,-0.02270519999999987,33.01550370431462,10.201059166666042,3.6,30.0,6.0
Batch2-C06,Batch2,3.6C(9%)-5C,393.0,True,100,-3.5296051747279322,-0.04987247893740465,1.0924190500000002,0.0042578499999998964,0.00025420000000009324,33.81745006948466,10.179360833333341,3.6,9.0,5.0
Batch2-C07,Batch2,4.8C(80%)-4.8C-newstructure,777.0,True,100,-4.231235578131388,-0.021737979924043582,1.0923127,0.0031623999999998986,0.00692769999999987,33.766912217149354,10.035633333332953,4.8,80.0,4.8
Batch2-C08,Batch2,5.2C(58%)-4C-newstructure,904.0,True,100,-4.101987968526722,-0.027841110945332148,1.0916120999999999,0.0020220250000002604,-0.0007699999999999374,33.59821236744562,10.039811666667083,5.2,58.0,4.0
Batch2-C09,Batch2,5.6C(26%)-4.5C-newstructure,791.0,True,100,-4.343991170888546,-0.019754152325308416,1.0981432500000001,0.0023630749999998812,-0.0010336999999998042,32.35755295299843,10.04024166666677,5.6,26.0,4.5
Batch2-C10,Batch2,4.8C(80%)-4.8C,492.0,True,100,-3.450465601523543,-0.05580244986198335,1.11257855,0.003032399999999935,0.006365199999999849,31.720671317513244,10.170869166666792,4.8,80.0,4.8
Batch2-C11,Batch2,5.2C(50%)-4.25C,449.0,True,100,-3.484958709205863,-0.05489875594719695,1.1019858,0.0050305500000003,0.010471899999999978,33.14963101101539,10.173719999999836,5.2,50.0,4.25
Batch2-C12,Batch2,4.65C(44%)-5C,466.0,True,100,-3.167533856376959,-0.07733124344865683,1.10433185,0.002232899999999649,0.0038705999999999463,31.316793895936517,10.17462499999965,4.65,44.0,5.0
Batch2-C13,Batch2,4.65C(69%)-6C,460.0,True,100,-3.344013210109811,-0.06467448840609535,1.0952966,0.001829649999999905,-0.001671499999999826,31.948019425910115,10.212831666666897,4.65,69.0,6.0
Batch2-C14,Batch2,3.6C(30%)-6C,426.0,True,100,-3.1180854544748184,-0.0837144352028476,1.0780585,0.006481074999999947,-0.007291900000000018,32.124753255414234,10.23871166666698,3.6,30.0,6.0
Batch2-C15,Batch2,3.6C(9%)-5C,396.0,True,100,-3.5158174150026964,-0.05093467639415561,1.0765655,0.005648325000000121,0.0058939000000000075,32.862312590345454,10.174974166667623,3.6,9.0,5.0
Batch2-C16,Batch2,4.8C(80%)-4.8C,472.0,True,100,-3.4944464801006045,-0.0532543676756424,1.0974183499999999,0.0025647000000001974,-0.0024861000000000466,32.76618715423966,10.171572499999456,4.8,80.0,4.8
Batch2-C17,Batch2,5.6C(26%)-4.5C,471.0,True,100,-3.4999096167000205,-0.05256239657553352,1.093582,0.002425675000000016,0.0018574999999998454,32.98821355652246,10.177116666667281,5.6,26.0,4.5
Batch2-C18,Batch2,5.2C(50%)-4.25C,449.0,True,100,-3.7068682244022804,-0.03974566910430133,1.08250325,0.006107024999999933,0.007177800000000012,32.88628935898336,10.173985833333184,5.2,50.0,4.25
Batch2-C19,Batch2,6C(60%)-3C,392.0,True,100,-3.2915234927686763,-0.06565175087353758,1.09503,0.0035140250000000872,0.0006085999999998482,32.76991201802439,10.174563333333328,6.0,60.0,3.0
Batch2-C20,Batch2,5.2C(58%)-4C,489.0,True,100,-3.440870919636383,-0.06050408803806073,1.10017575,0.002857649999999934,0.0038581999999998118,33.62225921545461,10.172896666666688,5.2,58.0,4.0
Batch2-C21,Batch2,6C(60%)-3C,408.0,True,100,-3.326244563425288,-0.06446758204398206,1.102484,0.0035538499999998585,-0.002316299999999938,33.59820005445401,10.174734166667136,6.0,60.0,3.0
Batch2-C22,Batch2,VarCharge-2C-100cycles,,False,100,-4.640734188833994,-0.006779169322993939,1.0924312,0.0029246999999998913,-0.009375200000000028,34.502712698156095,24.217139166666314,,,
Batch2-C23,Batch2,VarCharge-4C-100cycles,,False,100,-4.355819765383145,-0.01921756649136097,1.089645,0.007977300000000076,-0.016581300000000132,34.14729364226761,12.211757499999173,,,
Batch2-C24,Batch2,4.8C(80%)-4.8C,514.0,True,100,-3.640450756301035,-0.04572997432532899,1.09623735,0.002597950000000182,0.00628659999999992,33.205124014909316,10.16985833333359,4.8,80.0,4.8
Batch2-C25,Batch2,5.2C(58%)-4C,493.0,True,100,-3.5340434182477156,-0.05050846489030969,1.1022227,0.003378499999999951,0.005356099999999975,32.23892710270436,10.173032500000165,5.2,58.0,4.0
Batch2-C26,Batch2,5.6C(26%)-4.5C,450.0,True,100,-3.2216190960192628,-0.0733087791289827,1.1048082,0.0023103249999998354,4.099999999995774e-05,33.76445582326918,10.177571666666335,5.6,26.0,4.5
Batch2-C27,Batch2,5.2C(50%)-4.25C,474.0,True,100,-3.4857691211237922,-0.05449125756065937,1.0980675500000001,0.0037165749999998887,0.006948799999999977,33.303981946117254,10.174634999999398,5.2,50.0,4.25
Batch2-C28,Batch2,4.8C(80%)-4.8C,437.0,True,100,-3.4229766573491887,-0.05649138678277321,1.0951331999999998,0.0034736249999998137,0.005930200000000108,32.14418070388791,10.17329416666665,4.8,80.0,4.8
Batch2-C29,Batch2,5.2C(58%)-4C,452.0,True,100,-3.5078136673204168,-0.05263352953614442,1.1098183499999998,0.005117700000000003,0.010227500000000056,31.797456695109688,10.172925833333284,5.2,58.0,4.0
Batch2-C30,Batch2,5.6C(26%)-4.5C,412.0,True,100,-3.1849750475008567,-0.07552303651130998,1.09339115,0.005526175000000189,-0.005918899999999949,33.81003990939852,10.179420833333278,5.6,26.0,4.5
Batch2-C31,Batch2,5.6C(26%)-4.5C,425.0,True,100,-3.351924319713292,-0.06422883358208353,1.09944985,0.0028060999999999225,0.002072800000000097,33.375923495204454,10.178263333333597,5.6,26.0,4.5
Batch2-C32,Batch2,4.8C(80%)-4.8C-newstructure,809.0,True,100,-4.131031643392329,-0.02746120651303563,1.09121815,0.004063775000000103,-0.003806299999999929,32.16783240841186,10.040889166666602,4.8,80.0,4.8
Batch2-C33,Batch2,5.2C(58%)-4C-newstructure,1140.0,True,100,-4.2311938075637325,-0.024084742136216253,1.07345825,0.005280849999999893,-0.005766399999999949,32.73895611525105,10.039250833333305,5.2,58.0,4.0
Batch2-C34,Batch2,5.6C(26%)-4.5C-newstructure,1186.0,True,100,-4.448150661550735,-0.01914294964399932,1.06809935,0.0015247750000002558,-0.0043455999999999495,35.66583614425341,10.040178333333218,5.6,26.0,4.5
Batch2-C35,Batch2,VarCharge-6C-100cycles,,False,100,-3.2184744490870476,-0.07570840765806064,1.0473408499999999,0.021605499999999944,-0.03594419999999987,36.50175433149703,8.091728333332867,,,
Batch2-C36,Batch2,VarCharge-8C-100cycles,,False,100,-2.68448329757314,-0.1360257368450053,1.0334242,0.04155237499999975,-0.06289379999999989,38.55935886221206,6.776123333333574,,,
Batch2-C37,Batch2,3.6C(80%)-3.6C(SLOWCYCLE,,False,100,-4.770176374855136,-0.028681743378075525,1.0850734,0.000685075000000257,1.0824838,32.929452048618025,13.504224166666972,3.6,80.0,3.6
Batch2-C38,Batch2,4.8C(80%)-4.8C(SLOWCYCLE,,False,100,-4.214915742585958,-0.03614952540357205,1.0831366999999998,0.00383322499999994,1.0762544,33.448461595697054,10.169859166667447,4.8,80.0,4.8
Batch2-C39,Batch2,3.6C(9%)-5C(SLOWCYCLE,,False,100,-3.362148981503471,-0.06095179783518334,1.0715590499999998,0.004443900000000056,1.0532462,32.88418677825157,10.175470833333506,3.6,9.0,5.0
Batch2-C40,Batch2,5.2C(58%)-4C(SLOWCYCLE,,False,100,-3.5991327645155344,-0.048163210220580344,1.08538355,0.0018981249999998617,1.0758262,32.467598204820945,10.173175833333032,5.2,58.0,4.0
Batch2-C41,Batch2,5.6C(26%)-4.5C,442.0,True,100,-3.17193129840298,-0.08093104924483763,1.1059603999999998,0.0019092749999998215,0.003105399999999925,30.20099354305731,10.177162500000364,5.6,26.0,4.5
Batch2-C42,Batch2,5.2C(50%)-4.25C,474.0,True,100,-3.4821531362335185,-0.054167624970645756,1.10678665,0.004382724999999921,0.00849040000000012,31.71041325336692,10.175186666666802,5.2,50.0,4.25
Batch2-C43,Batch2,4.8C(80%)-4.8C-newstructure,1029.0,True,100,-4.27134741684955,-0.019164842112240565,1.1002187,0.00430737499999978,-0.0031058000000001584,33.91860336356293,10.036843333333188,4.8,80.0,4.8
Batch2-C44,Batch2,5.2C(58%)-4C-newstructure,841.0,True,100,-4.3640889685513224,-0.020302277620516618,1.0979762499999999,0.001700325000000058,-0.0010189000000000448,33.956934554468496,10.040326666667049,5.2,58.0,4.0
Batch2-C45,Batch2,5.6C(26%)-4.5C-newstructure,997.0,True,100,-4.174780437396987,-0.026670418787086536,1.1029521,0.0037732999999999794,-0.0035545999999999633,35.27071288818467,10.040354166666777,5.6,26.0,4.5
Batch2-C46,Batch2,4.8C(80%)-4.8C,503.0,True,100,-3.5084406210446826,-0.05286240500828243,1.1024840999999999,0.0029786250000001235,-0.001817100000000016,29.88032329687331,10.169824166667727,4.8,80.0,4.8
Batch3-C00,Batch3,5C(67%)-4C-newstructure,1009.0,True,100,-4.244680358543627,-0.02331165742747432,1.07054055,0.0008164499999998576,-0.0009647000000001515,32.194399649744255,10.042388333333172,5.0,67.0,4.0
Batch3-C01,Batch3,5.3C(54%)-4C-newstructure,1063.0,True,100,-4.285108198625103,-0.022324177554068236,1.0678222,0.001222999999999974,-0.001784299999999961,34.83064985952504,10.04128166666657,5.3,54.0,4.0
Batch3-C02,Batch3,5.6C(19%)-4.6C-newstructure,1267.0,True,100,-4.778946078146963,-0.008648038341613706,1.06221805,0.001481650000000112,-0.0021739999999998982,36.78314566494338,10.043703333333056,5.6,19.0,4.6
Batch3-C03,Batch3,5.6C(36%)-4.3C-newstructure,1115.0,True,100,-4.116173258607179,-0.026836614735112785,1.0647883999999999,0.0010242000000000306,-0.0015107999999999233,36.08627496168611,10.04136249999962,5.6,36.0,4.3
Batch3-C04,Batch3,5.6C(19%)-4.6C-newstructure,1048.0,True,100,-4.178031161375803,-0.024810275761238065,1.0746425,0.0006498249999999928,-0.0006804999999998618,32.116221938163385,10.045821666666598,5.6,19.0,4.6
Batch3-C05,Batch3,5.6C(36%)-4.3C-newstructure,828.0,True,100,-4.113989462952569,-0.025445098246365427,1.05339905,0.0011707750000000683,-0.0018407000000000284,35.55673795797331,10.042023333333297,5.6,36.0,4.3
Batch3-C06,Batch3,3.7C(31%)-5.9C-newstructure,667.0,True,100,-3.525273681171474,-0.05320164659124538,1.0538262999999999,0.00988279999999997,-0.01867390000000002,34.106830623582404,10.077624166666403,3.7,31.0,5.9
Batch3-C07,Batch3,4.8C(80%)-4.8C-newstructure,1836.0,True,100,-4.48830767619389,-0.017059021835070354,1.0703369999999999,0.0005915000000000781,-0.0018107999999998903,32.796573540122225,11.03865666666631,4.8,80.0,4.8
Batch3-C08,Batch3,5C(67%)-4C-newstructure,828.0,True,100,-4.091369245668356,-0.026848970612832312,1.06821885,0.0008381000000001748,-0.0009093000000000018,33.054603185105975,10.04311416666654,5.0,67.0,4.0
Batch3-C09,Batch3,5.3C(54%)-4C-newstructure,1039.0,True,100,-3.98186244123407,-0.0295752747869662,1.0729787,0.0004994000000000387,-0.00033180000000010423,33.087905551872936,10.041714166666498,5.3,54.0,4.0
Batch3-C10,Batch3,4.8C(80%)-4.8C-newstructure,1078.0,True,100,-4.410921412252559,-0.019093025885229542,1.0644665500000001,0.0007857000000000003,-0.0019160000000000288,32.534149378796045,11.038147499999953,4.8,80.0,4.8
Batch3-C11,Batch3,5.6C(19%)-4.6C-newstructure,817.0,True,100,-3.8844866526940733,-0.034087374997818,1.07004665,0.0012743749999999388,-0.002304900000000165,34.2024404879238,10.042707500000203,5.6,19.0,4.6
Batch3-C12,Batch3,5.6C(36%)-4.3C-newstructure,932.0,True,100,-3.946355465036171,-0.03173492178819726,1.0764839,0.0006935750000001129,-0.001004299999999958,33.219414908227094,10.042370833333067,5.6,36.0,4.3
Batch3-C13,Batch3,5.6C(19%)-4.6C-newstructure,816.0,True,100,-4.094031973537554,-0.027646083960900736,1.06892195,0.0012251999999999263,-0.0016103999999999008,34.11454602993669,10.042263333333054,5.6,19.0,4.6
Batch3-C14,Batch3,5.6C(36%)-4.3C-newstructure,858.0,True,100,-3.9992331831677133,-0.029282360362737236,1.0772157,0.000720300000000007,7.359999999989597e-05,33.1189634917196,10.041927499999776,5.6,36.0,4.3
Batch3-C15,Batch3,5.9C(15%)-4.6C-newstructure,876.0,True,100,-4.00024991015545,-0.02948434500233621,1.0708104999999999,0.0009099249999999781,-0.001545099999999966,33.50890495011492,10.041699999999885,5.9,15.0,4.6
Batch3-C16,Batch3,4.8C(80%)-4.8C-newstructure,1638.0,True,100,-4.694078987698978,-0.013451995639618852,1.06368725,0.0009904750000000462,-0.0010419999999999874,34.940582146689,11.040202500000305,4.8,80.0,4.8
Batch3-C17,Batch3,5.3C(54%)-4C-newstructure,1315.0,True,100,-4.43927856799074,-0.017882391550413823,1.0672608000000001,0.0008652999999998467,-0.002462699999999929,35.0701249907806,10.042461666666107,5.3,54.0,4.0
Batch3-C18,Batch3,5.6C(19%)-4.6C-newstructure,1146.0,True,100,-4.2536174894114485,-0.02345576998165999,1.06909795,0.001798175000000013,-0.003002799999999972,35.2895491601317,10.0431541666665,5.6,19.0,4.6
Batch3-C19,Batch3,5.6C(36%)-4.3C-newstructure,1155.0,True,100,-4.171507362895025,-0.025293657704202555,1.0729552,0.0018855499999999026,-0.003026999999999891,35.096922678438716,10.043325000000065,5.6,36.0,4.3
Batch3-C20,Batch3,5C(67%)-4C-newstructure,813.0,True,100,-4.065910181495544,-0.028071993572476917,1.0675948499999999,0.0008090749999998259,-0.0010921000000001513,33.10117160343903,10.043153333333612,5.0,67.0,4.0
Batch3-C21,Batch3,3.7C(31%)-5.9C-newstructure,772.0,True,100,-3.7038921739552135,-0.04327614857800555,1.0622788,0.008089400000000024,-0.01478619999999986,34.89763562513402,10.075920000000043,3.7,31.0,5.9
Batch3-C22,Batch3,5.9C(60%)-3.1C-newstructure,1002.0,True,100,-4.046387885320449,-0.028409329718630083,1.05837905,0.0012670999999999655,-0.0015982999999999414,34.60869711791826,10.042943333333337,5.9,60.0,3.1
Batch3-C23,Batch3,4.8C(80%)-4.8C-newstructure,,False,100,-4.543355442337179,-0.01560831972082899,1.0682904500000001,0.0006508749999998287,-0.0014676000000000133,34.92795337287084,11.037759166666607,4.8,80.0,4.8
Batch3-C24,Batch3,5C(67%)-4C-newstructure,825.0,True,100,-4.154820483102516,-0.0247723986145858,1.0505699,0.00048050000000010584,0.00012279999999997848,34.68692543774402,10.041895833333061,5.0,67.0,4.0
Batch3-C25,Batch3,5.3C(54%)-4C-newstructure,989.0,True,100,-4.146126232959254,-0.026576249209760316,1.0650098,0.0005419500000001243,0.00016020000000005474,35.58083474119666,10.042399166666776,5.3,54.0,4.0
Batch3-C26,Batch3,5.6C(19%)-4.6C-newstructure,1028.0,True,100,-4.219072902127027,-0.02417913926788795,1.07527965,0.0005067249999999301,-0.0005151999999999379,35.744145079440855,10.042265000000285,5.6,19.0,4.6
Batch3-C27,Batch3,5.6C(36%)-4.3C-newstructure,850.0,True,100,-4.12969779916042,-0.026600290807078597,1.06391415,0.0007176749999999732,-0.0010832000000000619,35.30704053711157,10.044974166666604,5.6,36.0,4.3
Batch3-C28,Batch3,3.7C(31%)-5.9C-newstructure,541.0,True,100,-3.4512233812429836,-0.05783112055064066,1.04496,0.009905124999999959,-0.018448300000000195,35.69503585363536,10.083590000000306,3.7,31.0,5.9
Batch3-C29,Batch3,5.9C(15%)-4.6C-newstructure,858.0,True,100,-4.06314158842719,-0.028921475161164945,1.0707156,0.0007803999999997924,-0.00021099999999996122,31.262770102233162,10.041552500000154,5.9,15.0,4.6
Batch3-C30,Batch3,5.3C(54%)-4C-newstructure,935.0,True,100,-4.099791035006636,-0.026737169755743473,1.0719016,0.0006858749999998359,-0.0006960999999998663,32.242770445878016,10.043574999999691,5.3,54.0,4.0
Batch3-C31,Batch3,5.9C(60%)-3.1C-newstructure,731.0,True,100,-3.839168513661697,-0.035619409739265695,1.07096845,0.000980025000000051,-0.0010414000000000811,33.99934624579011,10.045919166666863,5.9,60.0,3.1
Batch3-C32,Batch3,4.8C(80%)-4.8C-newstructure,,False,100,-4.672918260349452,-0.01012140041626175,1.07454405,0.0009041249999999224,-0.0012216999999998812,35.43328136368462,11.038452499999888,4.8,80.0,4.8
Batch3-C33,Batch3,5C(67%)-4C-newstructure,1284.0,True,100,-4.395463821299672,-0.019885925647910252,1.062419,0.0009644000000001984,-0.0015305000000001012,33.10620851106884,10.043314999999954,5.0,67.0,4.0
Batch3-C34,Batch3,5.3C(54%)-4C-newstructure,1158.0,True,100,-4.305224992817558,-0.02150989276991433,1.0634169,0.001372549999999917,-0.002482799999999896,35.77751733452584,10.043918333333325,5.3,54.0,4.0
Batch3-C35,Batch3,5.6C(19%)-4.6C-newstructure,1093.0,True,100,-4.234423777950546,-0.02302807515263361,1.06468395,0.0013933000000001527,-0.0019807000000000574,35.53070785023565,10.043604166666531,5.6,19.0,4.6
Batch3-C36,Batch3,5.6C(36%)-4.3C-newstructure,923.0,True,100,-4.253023408907191,-0.022981813517992444,1.05953385,0.001499525000000057,-0.0022610000000000685,35.87707905775121,10.043481666666413,5.6,36.0,4.3
Batch3-C37,Batch3,4.8C(80%)-4.8C-newstructure,1390.0,True,100,-5.0984213376234795,-0.008439822988718593,1.0494309,0.0009958749999998684,-0.0003543000000001406,35.01566783438418,11.038369999999972,4.8,80.0,4.8
Batch3-C38,Batch3,5C(67%)-4C-newstructure,1935.0,True,100,-4.341618532018267,-0.020147005721674938,1.0721044499999999,0.0007404750000001847,-0.0012724000000001734,34.743831508087126,10.04354666666671,5.0,67.0,4.0
Batch3-C39,Batch3,5.3C(54%)-4C-newstructure,1156.0,True,100,-4.454200564792302,-0.017457917694832736,1.05080075,0.0011331250000001791,-0.0009133999999999531,33.88624079961266,10.04355333333345,5.3,54.0,4.0
Batch3-C40,Batch3,5.6C(19%)-4.6C-newstructure,796.0,True,100,-4.294673763163302,-0.022053794482172262,1.0632225,0.0010955749999999043,-0.001472299999999871,34.05078155019701,10.043501666666513,5.6,19.0,4.6
Batch3-C41,Batch3,5.6C(36%)-4.3C-newstructure,786.0,True,100,-4.219074858982626,-0.024192993699098664,1.0545464999999998,0.0004200500000002272,0.0003908999999999718,33.639374640057895,10.043069999999958,5.6,36.0,4.3
Batch3-C42,Batch3,4.8C(80%)-4.8C-newstructure,1642.0,True,100,-4.345760173287821,-0.005609789046358671,1.0696203,0.0005060500000000356,-0.00015739999999997423,33.02954632330684,11.038323333333391,4.8,80.0,4.8
Batch3-C43,Batch3,5C(67%)-4C-newstructure,1046.0,True,100,-4.3163135082513255,-0.01297639899175873,1.0730232,0.000221075000000015,-0.0001888000000001,33.891919511346536,10.043629166666264,5.0,67.0,4.0
Batch3-C44,Batch3,5.3C(54%)-4C-newstructure,940.0,True,100,-4.131061010602478,-0.02598513188750473,1.073518,0.000528024999999932,0.00018009999999990534,33.350873108759004,10.043418333333102,5.3,54.0,4.0
Batch3-C45,Batch3,4.8C(80%)-4.8C-newstructure,1801.0,True,100,-4.520416288811736,-0.016477960740300612,1.07148705,0.0005710999999999355,-0.00020569999999997535,32.724855320443154,11.037995833333238,4.8,80.0,4.8
