cell_id,batch,policy,cycle_life,split,prediction,error_cycles,absolute_error_cycles,ape_pct,life_group
Batch2-C06,Batch2,3.6C(9%)-5C,393.0,Test_Batch2,693.059975724436,300.05997572443596,300.05997572443596,76.35113886117963,<500
Batch2-C29,Batch2,5.2C(58%)-4C,452.0,Test_Batch2,762.8075974331811,310.80759743318106,310.80759743318106,68.76274279495156,<500
Batch2-C18,Batch2,5.2C(50%)-4.25C,449.0,Test_Batch2,735.7365579969924,286.73655799699236,286.73655799699236,63.861148774385825,<500
Batch2-C11,Batch2,5.2C(50%)-4.25C,449.0,Test_Batch2,717.670710061743,268.67071006174297,268.67071006174297,59.837574623996204,<500
Batch2-C15,Batch2,3.6C(9%)-5C,396.0,Test_Batch2,627.6458676141673,231.6458676141673,231.6458676141673,58.496431215698806,<500
Batch2-C21,Batch2,6C(60%)-3C,408.0,Test_Batch2,644.4410287117887,236.4410287117887,236.4410287117887,57.951232527399185,<500
Batch2-C42,Batch2,5.2C(50%)-4.25C,474.0,Test_Batch2,736.0974191561277,262.09741915612767,262.09741915612767,55.29481416795943,<500
Batch2-C19,Batch2,6C(60%)-3C,392.0,Test_Batch2,604.1366289728531,212.13662897285315,212.13662897285315,54.116486982870704,<500
Batch2-C00,Batch2,5.2C(58%)-4C,477.0,Test_Batch2,730.5161623948642,253.51616239486418,253.51616239486418,53.14804243078913,<500
Batch2-C09,Batch2,5.6C(26%)-4.5C-newstructure,791.0,Test_Batch2,1209.200700979641,418.20070097964094,418.20070097964094,52.86987370159809,500-1000
