cell_id,batch,policy,cycle_life,split,prediction,error_cycles,absolute_error_cycles,ape_pct
Batch1-C03,Batch1,4C(80%)-4C,1226.0,Train,1195.1110412990874,-30.888958700912553,30.888958700912553,2.5194909217710078
Batch1-C04,Batch1,4C(80%)-4C,1227.0,Train,1346.8051339077394,119.80513390773945,119.80513390773945,9.764069593132799
Batch1-C05,Batch1,4.4C(80%)-4.4C,1074.0,Train,979.9825888681627,-94.01741113183732,94.01741113183732,8.75394889495692
Batch1-C06,Batch1,4.8C(80%)-4.8C,636.0,Train,755.3200943522262,119.32009435222619,119.32009435222619,18.761021124563868
Batch1-C07,Batch1,4.8C(80%)-4.8C,870.0,Train,854.106065750843,-15.893934249157041,15.893934249157041,1.8268889941559816
Batch1-C08,Batch1,5.4C(40%)-3.6C,879.0,Train,952.9440006213097,73.94400062130967,73.94400062130967,8.41228676010349
Batch1-C09,Batch1,5.4C(40%)-3.6C,1054.0,Train,949.0451765505036,-104.95482344949642,104.95482344949642,9.957763135625845
Batch1-C10,Batch1,5.4C(50%)-3C,906.0,Train,896.6761860377176,-9.32381396228243,9.32381396228243,1.0291185388832704
Batch1-C11,Batch1,5.4C(50%)-3C,788.0,Train,853.7985889327068,65.79858893270682,65.79858893270682,8.35007473765315
Batch1-C12,Batch1,5.4C(50%)-3.6C,902.0,Train,957.2377948874123,55.23779488741229,55.23779488741229,6.1239240451676595
Batch1-C13,Batch1,5.4C(50%)-3.6C,897.0,Train,921.9105473879881,24.910547387988117,24.910547387988117,2.777095583945164
Batch1-C16,Batch1,5.4C(60%)-3.6C,862.0,Train,966.80324295347,104.80324295346998,104.80324295346998,12.158148834509278
Batch1-C17,Batch1,5.4C(60%)-3.6C,857.0,Train,841.8340565520278,-15.165943447972154,15.165943447972154,1.76965501143199
Batch1-C20,Batch1,5.4C(80%)-5.4C,534.0,Train,543.4689774103789,9.468977410378898,9.468977410378898,1.7732167435166475
Batch1-C21,Batch1,5.4C(80%)-5.4C,559.0,Train,580.8929058222504,21.89290582225044,21.89290582225044,3.9164411131038355
Batch1-C22,Batch1,6C(30%)-3.6C,891.0,Train,859.6993153451763,-31.300684654823726,31.300684654823726,3.5129836874100704
Batch1-C23,Batch1,6C(30%)-3.6C,1014.0,Train,907.3276908825037,-106.6723091174963,106.6723091174963,10.519951589496676
Batch1-C24,Batch1,6C(40%)-3C,1017.0,Train,828.2184414183823,-188.78155858161767,188.78155858161767,18.562591797602522
Batch1-C25,Batch1,6C(40%)-3C,854.0,Train,881.337856013076,27.33785601307602,27.33785601307602,3.2011540998918058
Batch1-C26,Batch1,6C(40%)-3.6C,870.0,Train,813.4079686548484,-56.592031345151554,56.592031345151554,6.50483118909788
Batch1-C27,Batch1,6C(40%)-3.6C,842.0,Train,802.5960465076578,-39.403953492342225,39.403953492342225,4.679804452772236
Batch1-C30,Batch1,6C(50%)-3.6C,709.0,Train,751.1804960677335,42.18049606773354,42.18049606773354,5.949294226760726
Batch1-C31,Batch1,6C(50%)-3.6C,876.0,Train,835.0229857113359,-40.97701428866412,40.97701428866412,4.6777413571534385
Batch1-C32,Batch1,6C(60%)-3C,731.0,Train,696.5293071620789,-34.47069283792109,34.47069283792109,4.715553055803158
Batch1-C33,Batch1,6C(60%)-3C,757.0,Train,771.175989957922,14.175989957921956,14.175989957921956,1.8726538914031647
Batch1-C36,Batch1,7C(40%)-3C,704.0,Train,709.7018894079293,5.701889407929343,5.701889407929343,0.8099274727172362
Batch1-C37,Batch1,7C(40%)-3C,648.0,Train,697.8964988831877,49.896498883187746,49.896498883187746,7.7000769881462565
Batch1-C38,Batch1,7C(40%)-3.6C,617.0,Train,589.8910718908638,-27.108928109136173,27.108928109136173,4.393667440702783
Batch1-C39,Batch1,7C(40%)-3.6C,625.0,Train,655.2393218475277,30.239321847527663,30.239321847527663,4.838291495604426
Batch1-C40,Batch1,8C(15%)-3.6C,966.0,Train,940.7855703431038,-25.214429656896186,25.214429656896186,2.6101894054757957
Batch1-C41,Batch1,8C(15%)-3.6C,1051.0,Train,928.0737871171667,-122.92621288283328,122.92621288283328,11.696119208642559
Batch1-C42,Batch1,8C(25%)-3.6C,702.0,Train,719.5098633352388,17.509863335238833,17.509863335238833,2.4942825263872983
Batch1-C43,Batch1,8C(25%)-3.6C,651.0,Train,664.9156840259758,13.915684025975793,13.915684025975793,2.1375858718856824
Batch1-C44,Batch1,8C(35%)-3.6C,616.0,Train,624.5939620014935,8.593962001493537,8.593962001493537,1.3951237015411586
Batch1-C45,Batch1,8C(35%)-3.6C,599.0,Train,628.104213170015,29.104213170014987,29.104213170014987,4.858800195328045
Batch1-C00,Batch1,3.6C(80%)-3.6C,1190.0,Valid,1637.8584167301037,447.8584167301037,447.8584167301037,37.63516106975662
Batch1-C01,Batch1,3.6C(80%)-3.6C,1179.0,Valid,1688.0757731694105,509.07577316941047,509.07577316941047,43.17860671496272
Batch1-C02,Batch1,3.6C(80%)-3.6C,1177.0,Valid,1447.4602380597773,270.46023805977734,270.46023805977734,22.978779784178194
Batch1-C14,Batch1,5.4C(60%)-3C,880.0,Valid,879.1331566269541,-0.8668433730458673,0.8668433730458673,0.0985049287552122
Batch1-C15,Batch1,5.4C(60%)-3C,719.0,Valid,821.3879909122727,102.3879909122727,102.3879909122727,14.240332533000375
Batch1-C18,Batch1,5.4C(70%)-3C,691.0,Valid,647.5743129556308,-43.42568704436917,43.42568704436917,6.284469905118549
Batch1-C19,Batch1,5.4C(70%)-3C,788.0,Valid,716.7998605118323,-71.20013948816768,71.20013948816768,9.035550696467979
Batch1-C28,Batch1,6C(50%)-3C,860.0,Valid,791.4725795337931,-68.52742046620688,68.52742046620688,7.968304705372893
Batch1-C29,Batch1,6C(50%)-3C,917.0,Valid,798.1994634141554,-118.80053658584461,118.80053658584461,12.955347501182619
Batch1-C34,Batch1,7C(30%)-3.6C,742.0,Valid,790.7320274997531,48.732027499753144,48.732027499753144,6.567658692689103
Batch1-C35,Batch1,7C(30%)-3.6C,703.0,Valid,728.8253645892433,25.82536458924335,25.82536458924335,3.6735938249279303
Batch2-C00,Batch2,5.2C(58%)-4C,477.0,Test_Batch2,730.5161623948642,253.51616239486418,253.51616239486418,53.14804243078913
Batch2-C01,Batch2,5.6C(26%)-4.5C,491.0,Test_Batch2,644.7169637415267,153.71696374152668,153.71696374152668,31.306917258966738
Batch2-C02,Batch2,5.2C(50%)-4.25C,424.0,Test_Batch2,599.2309318804939,175.23093188049393,175.23093188049393,41.32804997181461
Batch2-C03,Batch2,4.65C(44%)-5C,499.0,Test_Batch2,713.9510898855234,214.9510898855234,214.9510898855234,43.07637071854176
Batch2-C04,Batch2,4.65C(69%)-6C,444.0,Test_Batch2,549.790463480476,105.79046348047598,105.79046348047598,23.826680964071166
Batch2-C05,Batch2,3.6C(30%)-6C,416.0,Test_Batch2,498.2136072782873,82.21360727828733,82.21360727828733,19.762886364972914
Batch2-C06,Batch2,3.6C(9%)-5C,393.0,Test_Batch2,693.059975724436,300.05997572443596,300.05997572443596,76.35113886117963
Batch2-C07,Batch2,4.8C(80%)-4.8C-newstructure,777.0,Test_Batch2,1092.224857398235,315.2248573982349,315.2248573982349,40.56947971663255
Batch2-C08,Batch2,5.2C(58%)-4C-newstructure,904.0,Test_Batch2,995.8345954755014,91.83459547550137,91.83459547550137,10.158694189767852
Batch2-C09,Batch2,5.6C(26%)-4.5C-newstructure,791.0,Test_Batch2,1209.200700979641,418.20070097964094,418.20070097964094,52.86987370159809
Batch2-C10,Batch2,4.8C(80%)-4.8C,492.0,Test_Batch2,745.40788571098,253.40788571098005,253.40788571098005,51.505667827434976
Batch2-C11,Batch2,5.2C(50%)-4.25C,449.0,Test_Batch2,717.670710061743,268.67071006174297,268.67071006174297,59.837574623996204
Batch2-C12,Batch2,4.65C(44%)-5C,466.0,Test_Batch2,590.7923801674929,124.79238016749287,124.79238016749287,26.779480722637956
Batch2-C13,Batch2,4.65C(69%)-6C,460.0,Test_Batch2,624.9035013575916,164.9035013575916,164.9035013575916,35.84858725165035
Batch2-C14,Batch2,3.6C(30%)-6C,426.0,Test_Batch2,486.0635895586617,60.063589558661704,60.063589558661704,14.099434168699931
Batch2-C15,Batch2,3.6C(9%)-5C,396.0,Test_Batch2,627.6458676141673,231.6458676141673,231.6458676141673,58.496431215698806
Batch2-C16,Batch2,4.8C(80%)-4.8C,472.0,Test_Batch2,696.6899622496827,224.6899622496827,224.6899622496827,47.603805561373456
Batch2-C17,Batch2,5.6C(26%)-4.5C,471.0,Test_Batch2,685.3982520887814,214.39825208878142,214.39825208878142,45.519798744964206
Batch2-C18,Batch2,5.2C(50%)-4.25C,449.0,Test_Batch2,735.7365579969924,286.73655799699236,286.73655799699236,63.861148774385825
Batch2-C19,Batch2,6C(60%)-3C,392.0,Test_Batch2,604.1366289728531,212.13662897285315,212.13662897285315,54.116486982870704
Batch2-C20,Batch2,5.2C(58%)-4C,489.0,Test_Batch2,687.1178265418613,198.1178265418613,198.1178265418613,40.514892953345864
Batch2-C21,Batch2,6C(60%)-3C,408.0,Test_Batch2,644.4410287117887,236.4410287117887,236.4410287117887,57.951232527399185
Batch2-C24,Batch2,4.8C(80%)-4.8C,514.0,Test_Batch2,764.3758599701777,250.37585997017766,250.37585997017766,48.71125680353651
Batch2-C25,Batch2,5.2C(58%)-4C,493.0,Test_Batch2,739.1824762286523,246.18247622865226,246.18247622865226,49.93559355550756
Batch2-C26,Batch2,5.6C(26%)-4.5C,450.0,Test_Batch2,611.8544552029085,161.85445520290853,161.85445520290853,35.96765671175745
Batch2-C27,Batch2,5.2C(50%)-4.25C,474.0,Test_Batch2,699.8937968205506,225.89379682055062,225.89379682055062,47.65691916045371
Batch2-C28,Batch2,4.8C(80%)-4.8C,437.0,Test_Batch2,660.1549781080531,223.15497810805311,223.15497810805311,51.065212381705514
Batch2-C29,Batch2,5.2C(58%)-4C,452.0,Test_Batch2,762.8075974331811,310.80759743318106,310.80759743318106,68.76274279495156
Batch2-C30,Batch2,5.6C(26%)-4.5C,412.0,Test_Batch2,556.2500352526281,144.2500352526281,144.2500352526281,35.012144478793225
Batch2-C31,Batch2,5.6C(26%)-4.5C,425.0,Test_Batch2,645.3727237745611,220.3727237745611,220.3727237745611,51.852405594014385
Batch2-C32,Batch2,4.8C(80%)-4.8C-newstructure,809.0,Test_Batch2,1010.1778257497075,201.1778257497075,201.1778257497075,24.86746919032231
Batch2-C33,Batch2,5.2C(58%)-4C-newstructure,1140.0,Test_Batch2,968.3505939246012,-171.64940607539882,171.64940607539882,15.056965445210421
Batch2-C34,Batch2,5.6C(26%)-4.5C-newstructure,1186.0,Test_Batch2,1079.4605772744721,-106.53942272552786,106.53942272552786,8.983087919521742
Batch2-C41,Batch2,5.6C(26%)-4.5C,442.0,Test_Batch2,597.9102881086868,155.9102881086868,155.9102881086868,35.273820839069415
Batch2-C42,Batch2,5.2C(50%)-4.25C,474.0,Test_Batch2,736.0974191561277,262.09741915612767,262.09741915612767,55.29481416795943
Batch2-C43,Batch2,4.8C(80%)-4.8C-newstructure,1029.0,Test_Batch2,1166.7111522971177,137.71115229711768,137.71115229711768,13.383007997776255
Batch2-C44,Batch2,5.2C(58%)-4C-newstructure,841.0,Test_Batch2,1223.7231072319382,382.72310723193823,382.72310723193823,45.50809836289396
Batch2-C45,Batch2,5.6C(26%)-4.5C-newstructure,997.0,Test_Batch2,1114.0806938055907,117.08069380559073,117.08069380559073,11.743299278394256
Batch2-C46,Batch2,4.8C(80%)-4.8C,503.0,Test_Batch2,724.7572297117199,221.7572297117199,221.7572297117199,44.08692439596817
Batch3-C00,Batch3,5C(67%)-4C-newstructure,1009.0,Additional_Batch3,963.1102550221261,-45.889744977873875,45.889744977873875,4.548042118718917
Batch3-C01,Batch3,5.3C(54%)-4C-newstructure,1063.0,Additional_Batch3,972.1210170087626,-90.87898299123742,90.87898299123742,8.549292849599006
Batch3-C02,Batch3,5.6C(19%)-4.6C-newstructure,1267.0,Additional_Batch3,1291.3196420210943,24.319642021094296,24.319642021094296,1.9194666157138354
Batch3-C03,Batch3,5.6C(36%)-4.3C-newstructure,1115.0,Additional_Batch3,856.6855420989095,-258.31445790109046,258.31445790109046,23.16721595525475
Batch3-C04,Batch3,5.6C(19%)-4.6C-newstructure,1048.0,Additional_Batch3,945.6286095834894,-102.37139041651062,102.37139041651062,9.768262444323533
Batch3-C05,Batch3,5.6C(36%)-4.3C-newstructure,828.0,Additional_Batch3,799.4135806959698,-28.586419304030187,28.586419304030187,3.4524660995205543
Batch3-C06,Batch3,3.7C(31%)-5.9C-newstructure,667.0,Additional_Batch3,542.7834136983581,-124.21658630164188,124.21658630164188,18.62317635706775
Batch3-C07,Batch3,4.8C(80%)-4.8C-newstructure,1836.0,Additional_Batch3,1124.3966095316086,-711.6033904683914,711.6033904683914,38.75835460067491
Batch3-C08,Batch3,5C(67%)-4C-newstructure,828.0,Additional_Batch3,860.8156583056815,32.815658305681495,32.815658305681495,3.9632437567248187
Batch3-C09,Batch3,5.3C(54%)-4C-newstructure,1039.0,Additional_Batch3,825.6014193848446,-213.39858061515542,213.39858061515542,20.53884317758955
Batch3-C10,Batch3,4.8C(80%)-4.8C-newstructure,1078.0,Additional_Batch3,1033.1415210452838,-44.85847895471625,44.85847895471625,4.161268919732491
Batch3-C11,Batch3,5.6C(19%)-4.6C-newstructure,817.0,Additional_Batch3,761.1284949919808,-55.8715050080192,55.8715050080192,6.838617504041518
Batch3-C12,Batch3,5.6C(36%)-4.3C-newstructure,932.0,Additional_Batch3,823.5566273595387,-108.44337264046135,108.44337264046135,11.635555004341347
Batch3-C13,Batch3,5.6C(19%)-4.6C-newstructure,816.0,Additional_Batch3,865.4883956092356,49.48839560923557,49.48839560923557,6.064754363876908
Batch3-C14,Batch3,5.6C(36%)-4.3C-newstructure,858.0,Additional_Batch3,856.3557392430753,-1.644260756924723,1.644260756924723,0.1916387828583593
Batch3-C15,Batch3,5.9C(15%)-4.6C-newstructure,876.0,Additional_Batch3,824.0711615753728,-51.9288384246272,51.9288384246272,5.92794959185242
Batch3-C16,Batch3,4.8C(80%)-4.8C-newstructure,1638.0,Additional_Batch3,1234.3992355967102,-403.60076440328976,403.60076440328976,24.63985130667215
Batch3-C17,Batch3,5.3C(54%)-4C-newstructure,1315.0,Additional_Batch3,1069.3422893093825,-245.65771069061748,245.65771069061748,18.681194729324524
Batch3-C18,Batch3,5.6C(19%)-4.6C-newstructure,1146.0,Additional_Batch3,959.0953188320364,-186.90468116796364,186.90468116796364,16.30930900244011
Batch3-C19,Batch3,5.6C(36%)-4.3C-newstructure,1155.0,Additional_Batch3,930.8292146505111,-224.17078534948894,224.17078534948894,19.408726004284755
Batch3-C20,Batch3,5C(67%)-4C-newstructure,813.0,Additional_Batch3,843.6102530643759,30.61025306437591,30.61025306437591,3.765098777906016
Batch3-C21,Batch3,3.7C(31%)-5.9C-newstructure,772.0,Additional_Batch3,641.7996952940181,-130.20030470598192,130.20030470598192,16.865324443780043
Batch3-C22,Batch3,5.9C(60%)-3.1C-newstructure,1002.0,Additional_Batch3,788.4975778754128,-213.50242212458716,213.50242212458716,21.307626958541633
Batch3-C24,Batch3,5C(67%)-4C-newstructure,825.0,Additional_Batch3,808.075402208246,-16.924597791753968,16.924597791753968,2.051466399000481
Batch3-C25,Batch3,5.3C(54%)-4C-newstructure,989.0,Additional_Batch3,875.4666412233297,-113.5333587766703,113.5333587766703,11.47961160532561
Batch3-C26,Batch3,5.6C(19%)-4.6C-newstructure,1028.0,Additional_Batch3,974.6932331387927,-53.30676686120728,53.30676686120728,5.185483157704988
Batch3-C27,Batch3,5.6C(36%)-4.3C-newstructure,850.0,Additional_Batch3,859.941514576188,9.941514576187956,9.941514576187956,1.1695899501397595
Batch3-C28,Batch3,3.7C(31%)-5.9C-newstructure,541.0,Additional_Batch3,491.10639052332425,-49.89360947667575,49.89360947667575,9.22247864633563
Batch3-C29,Batch3,5.9C(15%)-4.6C-newstructure,858.0,Additional_Batch3,858.352301722597,0.35230172259696246,0.35230172259696246,0.04106080682948281
Batch3-C30,Batch3,5.3C(54%)-4C-newstructure,935.0,Additional_Batch3,884.7320635888796,-50.267936411120445,50.267936411120445,5.376249883542294
Batch3-C31,Batch3,5.9C(60%)-3.1C-newstructure,731.0,Additional_Batch3,743.9584551542907,12.958455154290732,12.958455154290732,1.7727024834871041
Batch3-C33,Batch3,5C(67%)-4C-newstructure,1284.0,Additional_Batch3,1010.8368902996378,-273.16310970036216,273.16310970036216,21.27438549068241
Batch3-C34,Batch3,5.3C(54%)-4C-newstructure,1158.0,Additional_Batch3,958.9218206972955,-199.07817930270448,199.07817930270448,17.19155261681386
Batch3-C35,Batch3,5.6C(19%)-4.6C-newstructure,1093.0,Additional_Batch3,923.480989254451,-169.51901074554905,169.51901074554905,15.509516079190217
Batch3-C36,Batch3,5.6C(36%)-4.3C-newstructure,923.0,Additional_Batch3,906.2956131515176,-16.704386848482386,16.704386848482386,1.809792724645979
Batch3-C37,Batch3,4.8C(80%)-4.8C-newstructure,1390.0,Additional_Batch3,1471.653019801741,81.65301980174104,81.65301980174104,5.874317971348276
Batch3-C38,Batch3,5C(67%)-4C-newstructure,1935.0,Additional_Batch3,1034.3757469167374,-900.6242530832626,900.6242530832626,46.543889048230625
Batch3-C39,Batch3,5.3C(54%)-4C-newstructure,1156.0,Additional_Batch3,980.2209394150628,-175.77906058493716,175.77906058493716,15.205801088662385
Batch3-C40,Batch3,5.6C(19%)-4.6C-newstructure,796.0,Additional_Batch3,951.9857498590559,155.9857498590559,155.9857498590559,19.596199731037174
Batch3-C41,Batch3,5.6C(36%)-4.3C-newstructure,786.0,Additional_Batch3,862.4093140273709,76.4093140273709,76.4093140273709,9.721286771930139
Batch3-C42,Batch3,4.8C(80%)-4.8C-newstructure,1642.0,Additional_Batch3,1022.7236615834776,-619.2763384165224,619.2763384165224,37.71475873425837
Batch3-C43,Batch3,5C(67%)-4C-newstructure,1046.0,Additional_Batch3,1023.9906268398114,-22.009373160188602,22.009373160188602,2.1041465736317972
Batch3-C44,Batch3,5.3C(54%)-4C-newstructure,940.0,Additional_Batch3,911.928441489207,-28.07155851079301,28.07155851079301,2.9863360117864906
Batch3-C45,Batch3,4.8C(80%)-4.8C-newstructure,1801.0,Additional_Batch3,1156.945693517763,-644.054306482237,644.054306482237,35.760927622556196
