cell_id,cycle_life,prediction
Batch1-C03,1226.0,1226.9719752744948
Batch1-C04,1227.0,1391.6601418799944
Batch1-C05,1074.0,963.696383969294
Batch1-C06,636.0,764.6160552813359
Batch1-C07,870.0,857.7845503360253
Batch1-C08,879.0,954.220332741329
Batch1-C09,1054.0,945.1650752784076
Batch1-C10,906.0,880.5419399994266
Batch1-C11,788.0,836.4021129489498
Batch1-C12,902.0,961.3454696849892
Batch1-C13,897.0,924.333876057753
Batch1-C16,862.0,976.8799246905634
Batch1-C17,857.0,856.0803199290714
Batch1-C20,534.0,538.2823517753873
Batch1-C21,559.0,576.0276762699584
Batch1-C22,891.0,854.3945596104869
Batch1-C23,1014.0,901.087353423333
Batch1-C24,1017.0,813.1774507640637
Batch1-C25,854.0,860.5749545888339
Batch1-C26,870.0,812.0048895610173
Batch1-C27,842.0,804.5722240933304
Batch1-C30,709.0,759.8393177461215
Batch1-C31,876.0,837.6777916458066
Batch1-C32,731.0,694.0999376699184
Batch1-C33,757.0,774.5017872016377
Batch1-C36,704.0,711.5854337673854
Batch1-C37,648.0,700.6450132790239
Batch1-C38,617.0,584.6437090556149
Batch1-C39,625.0,653.5484817303052
Batch1-C40,966.0,917.9357701669244
Batch1-C41,1051.0,907.4735041483624
Batch1-C42,702.0,729.2937146822873
Batch1-C43,651.0,676.324907317271
Batch1-C44,616.0,619.7278268782935
Batch1-C45,599.0,622.6243553281514
