split,life_group,n,mape_pct,mae_cycles,rmse_cycles,bias_cycles
Additional_Batch3,500-1000,21,6.788314271239518,54.51658939409417,70.69023181744735,-19.41548060182795
Additional_Batch3,>1000,23,18.00531448112823,256.6928021835099,348.2512371781717,-247.47778811195903
Test_Batch2,500-1000,8,34.81438695488921,249.79685879031393,272.76680823040493,249.79685879031393
Test_Batch2,<500,28,45.56271205746449,204.00025555369828,213.3626726954134,204.00025555369828
Test_Batch2,>1000,3,12.474353787502805,138.63332703268145,141.16010846756697,-46.82589216793633
Train,500-1000,28,4.758922590896982,36.05297689722102,45.27170440295154,14.949303608339111
Train,>1000,7,10.253419305889762,109.72091539599043,117.89250469826014,-75.4908771366363
Valid,500-1000,8,7.6029703484393325,59.970751244862925,70.08087922905221,-15.734405494545626
Valid,>1000,3,34.597515856299175,409.13147598643053,421.45938698581614,409.13147598643053
